"유형","시군구","번지","건물명","계약일","거래금액_만원","건물면적_m2","토지면적_m2","건물단가_만원_3_3m2","토지단가_만원_3_3m2","층","건축년도","거래유형","중개사소재지","매도자","매수자","원천파일"
"단독/다가구","용산구 서계동","","","20240614","123000","152.8","105","2661","3873","","1993","중개거래","서울 용산구","개인","개인","서울부동산정보광장_서계동_단독다가구_매매_202406_202505.csv"
"다세대/연립","용산구 서계동","251-3","(251-3)","20240615","49000","42.24","22","3835","7363","-1","1996","중개거래","서울 용산구, 서울 중구","개인","개인","서울부동산정보광장_서계동_다세대연립_매매_202406_202505.csv"
"다세대/연립","용산구 서계동","53-5","트리니티타운","20240618","52500","18.971","21","9148","8264","-1","2021","중개거래","서울 용산구","개인","개인","서울부동산정보광장_서계동_다세대연립_매매_202406_202505.csv"
"다세대/연립","용산구 서계동","53-5","트리니티타운","20240618","52500","18.971","21","9148","8264","-1","2021","중개거래","서울 용산구","개인","개인","서울부동산정보광장_서계동_다세대연립_매매_202406_202505.csv"
"다세대/연립","용산구 서계동","245-23","(245-23)","20240707","68000","59.97","18","3748","12489","3","2000","중개거래","서울 용산구","개인","개인","서울부동산정보광장_서계동_다세대연립_매매_202406_202505.csv"
"다세대/연립","용산구 서계동","224-5","동원주택","20240810","96000","63.95","24","4963","13223","4","2003","중개거래","서울 용산구","개인","개인","서울부동산정보광장_서계동_다세대연립_매매_202406_202505.csv"
"다세대/연립","용산구 서계동","115","럭스빌","20240814","74500","47.43","31","5193","7945","2","2007","중개거래","서울 용산구","개인","개인","서울부동산정보광장_서계동_다세대연립_매매_202406_202505.csv"
"다세대/연립","용산구 서계동","246-2","수정빌라(246-2)","20240822","50000","28.98","11","5704","15026","-1","1997","중개거래","서울 성동구, 서울 용산구","개인","개인","서울부동산정보광장_서계동_다세대연립_매매_202406_202505.csv"
"다세대/연립","용산구 서계동","257-2","(257-2)","20240902","41800","22.73","9","6079","15354","1","1998","중개거래","서울 용산구","개인","개인","서울부동산정보광장_서계동_다세대연립_매매_202406_202505.csv"
"다세대/연립","용산구 서계동","245-11","(245-11)","20241007","69000","44.48","22","5128","10368","3","1996","중개거래","서울 용산구","개인","개인","서울부동산정보광장_서계동_다세대연립_매매_202406_202505.csv"
"다세대/연립","용산구 서계동","251-3","(251-3)","20241012","72000","59.94","31","3971","7678","2","1996","중개거래","서울 용산구","개인","개인","서울부동산정보광장_서계동_다세대연립_매매_202406_202505.csv"
"다세대/연립","용산구 서계동","245-11","(245-11)","20241108","44500","19.8","9","7430","16345","-1","1996","중개거래","서울 용산구","개인","개인","서울부동산정보광장_서계동_다세대연립_매매_202406_202505.csv"
"다세대/연립","용산구 서계동","251-54","(251-54)","20241115","74000","56.02","26","4367","9409","1","2009","중개거래","서울 용산구","개인","개인","서울부동산정보광장_서계동_다세대연립_매매_202406_202505.csv"
"다세대/연립","용산구 서계동","33-56","서계라온펠리체","20241217","98000","50.04","19","6474","17051","5","2023","중개거래","서울 용산구","개인","개인","서울부동산정보광장_서계동_다세대연립_매매_202406_202505.csv"
"다세대/연립","용산구 서계동","257-4","(257-4)","20241219","51000","35.3","11","4776","15327","4","1998","중개거래","서울 성동구, 서울 용산구","개인","개인","서울부동산정보광장_서계동_다세대연립_매매_202406_202505.csv"
"다세대/연립","용산구 서계동","251-12","(251-12)","20241223","51000","25.27","10","6672","16860","3","1996","중개거래","서울 용산구, 서울 종로구","개인","개인","서울부동산정보광장_서계동_다세대연립_매매_202406_202505.csv"
"다세대/연립","용산구 서계동","252-69","(252-69)","20241226","51000","33.34","12","5057","14050","1","1998","중개거래","서울 용산구","개인","개인","서울부동산정보광장_서계동_다세대연립_매매_202406_202505.csv"
"다세대/연립","용산구 서계동","257-2","(257-2)","20241226","43000","22.73","9","6254","15794","3","1998","중개거래","서울 용산구, 서울 중구","개인","개인","서울부동산정보광장_서계동_다세대연립_매매_202406_202505.csv"
"다세대/연립","용산구 서계동","33-56","서계라온펠리체","20250103","72000","27.83","16","8553","14876","4","2023","중개거래","서울 강동구","개인","개인","서울부동산정보광장_서계동_다세대연립_매매_202406_202505.csv"
"다세대/연립","용산구 서계동","242-21","성원주택","20250122","120000","71.87","45","5520","8815","1","2004","중개거래","서울 용산구","개인","개인","서울부동산정보광장_서계동_다세대연립_매매_202406_202505.csv"
"단독/다가구","용산구 서계동","","","20250123","103100","151.55","122","2249","2794","","1982","중개거래","서울 용산구","개인","개인","서울부동산정보광장_서계동_단독다가구_매매_202406_202505.csv"
"다세대/연립","용산구 서계동","33-56","서계라온펠리체","20250216","81000","29.59","18","9049","14876","4","2023","중개거래","서울 용산구","개인","개인","서울부동산정보광장_서계동_다세대연립_매매_202406_202505.csv"
"다세대/연립","용산구 서계동","251-1","(251-1)","20250329","71500","55.14","22","4287","10744","1","1996","중개거래","서울 용산구, 서울 중구","개인","개인","서울부동산정보광장_서계동_다세대연립_매매_202406_202505.csv"
"단독/다가구","용산구 서계동","","","20250329","59750","17.48","34","11300","5809","","2008","중개거래","서울 용산구","개인","개인","서울부동산정보광장_서계동_단독다가구_매매_202406_202505.csv"
"다세대/연립","용산구 서계동","33-56","서계라온펠리체","20250401","80500","28.31","18","9400","14784","5","2023","중개거래","서울 용산구","개인","개인","서울부동산정보광장_서계동_다세대연립_매매_202406_202505.csv"
"다세대/연립","용산구 서계동","33-56","서계라온펠리체","20250424","80000","29.59","18","8938","14692","3","2023","중개거래","서울 용산구","개인","개인","서울부동산정보광장_서계동_다세대연립_매매_202406_202505.csv"
"다세대/연립","용산구 서계동","253-14","(253-14)","20250428","55000","41.75","13","4355","13986","-1","1997","중개거래","서울 강남구, 서울 용산구","개인","개인","서울부동산정보광장_서계동_다세대연립_매매_202406_202505.csv"
"다세대/연립","용산구 서계동","33-56","서계라온펠리체","20250430","72000","28.41","16","8378","14876","4","2023","중개거래","서울 용산구","개인","개인","서울부동산정보광장_서계동_다세대연립_매매_202406_202505.csv"
"다세대/연립","용산구 서계동","33-56","서계라온펠리체","20250507","82000","29.84","18","9084","15060","3","2023","중개거래","서울 마포구","개인","개인","서울부동산정보광장_서계동_다세대연립_매매_202406_202505.csv"
"다세대/연립","용산구 서계동","33-56","서계라온펠리체","20250508","72000","27.83","16","8553","14876","4","2023","중개거래","서울 강동구","개인","개인","서울부동산정보광장_서계동_다세대연립_매매_202406_202505.csv"
"다세대/연립","용산구 서계동","244-10","(244-10)","20250509","90500","64.17","26","4662","11507","3","2001","중개거래","서울 서대문구","개인","개인","서울부동산정보광장_서계동_다세대연립_매매_202406_202505.csv"
"단독/다가구","용산구 서계동","","","20250521","70000","18.74","52","12348","4450","","1929","중개거래","서울 용산구","개인","개인","서울부동산정보광장_서계동_단독다가구_매매_202406_202505.csv"
"다세대/연립","용산구 서계동","229-12","(229-12)","20250522","82000","35.05","37","7734","7326","2","2007","중개거래","서울 용산구","개인","개인","서울부동산정보광장_서계동_다세대연립_매매_202406_202505.csv"
"다세대/연립","용산구 서계동","91","(91-0)","20250527","95000","58.59","43","5360","7304","1","1988","중개거래","서울 용산구","개인","개인","서울부동산정보광장_서계동_다세대연립_매매_202406_202505.csv"
"다세대/연립","용산구 서계동","252-73","(252-73)","20250625","66000","47.98","17","4547","12834","2","1996","중개거래","서울 용산구","개인","개인","서울부동산정보광장_서계동_다세대연립_매매_202506_202605.csv"
"다세대/연립","용산구 서계동","251-10","(251-10)","20250626","55000","24.33","11","7473","16529","2","1996","중개거래","서울 용산구","개인","개인","서울부동산정보광장_서계동_다세대연립_매매_202506_202605.csv"
"다세대/연립","용산구 서계동","251-17","광성빌라","20250626","80000","54.69","26","4836","10172","1","1996","중개거래","서울 용산구","개인","개인","서울부동산정보광장_서계동_다세대연립_매매_202506_202605.csv"
"단독/다가구","용산구 서계동","","","20250627","79000","25.72","60","10154","4353","","1946","중개거래","서울 용산구","개인","개인","서울부동산정보광장_서계동_단독다가구_매매_202506_202605.csv"
"단독/다가구","용산구 서계동","","","20250703","75000","85.44","49","2902","5060","","1994","중개거래","서울 마포구, 서울 용산구","개인","개인","서울부동산정보광장_서계동_단독다가구_매매_202506_202605.csv"
"단독/다가구","용산구 서계동","","","20250703","115000","9.92","66","38323","5760","","1937","중개거래","서울 성동구","법인","개인","서울부동산정보광장_서계동_단독다가구_매매_202506_202605.csv"
"다세대/연립","용산구 서계동","241-8","(241-8)","20250715","73000","20.3","16","11888","15083","3","2021","중개거래","서울 용산구","개인","개인","서울부동산정보광장_서계동_다세대연립_매매_202506_202605.csv"
"다세대/연립","용산구 서계동","33-56","서계라온펠리체","20250715","88000","29.64","18","9815","16162","4","2023","중개거래","서울 용산구","개인","개인","서울부동산정보광장_서계동_다세대연립_매매_202506_202605.csv"
"다세대/연립","용산구 서계동","240-16","(240-16)","20250716","80500","45.81","19","5809","14006","2","1997","중개거래","서울 용산구","개인","개인","서울부동산정보광장_서계동_다세대연립_매매_202506_202605.csv"
"단독/다가구","용산구 서계동","","","20250719","67000","62.85","15","3524","14766","","1968","중개거래","서울 마포구","개인","법인","서울부동산정보광장_서계동_단독다가구_매매_202506_202605.csv"
"다세대/연립","용산구 서계동","33-6","(33-6)","20250721","85000","41.1","44","6837","6386","-1","1986","중개거래","서울 성동구, 서울 용산구","개인","개인","서울부동산정보광장_서계동_다세대연립_매매_202506_202605.csv"
"다세대/연립","용산구 서계동","257-1","(257-1)","20250724","67000","49.01","14","4519","15821","4","1998","중개거래","서울 용산구","개인","개인","서울부동산정보광장_서계동_다세대연립_매매_202506_202605.csv"
"단독/다가구","용산구 서계동","","","20250724","96000","103.84","59","3056","5379","","1993","중개거래","서울 마포구, 서울 용산구","개인","개인","서울부동산정보광장_서계동_단독다가구_매매_202506_202605.csv"
"아파트","용산구 서계동","100-1","어반허브서울스테이션(UrbanHubSeoulStation)","20250804","45000","21.201",,"7017",,"8","2025","직거래","","법인","공공기관","서울부동산정보광장_서계동_아파트_매매_202506_202605.csv"
"아파트","용산구 서계동","100-1","어반허브서울스테이션(UrbanHubSeoulStation)","20250804","45000","21.201",,"7017",,"8","2025","직거래","","법인","공공기관","서울부동산정보광장_서계동_아파트_매매_202506_202605.csv"
"아파트","용산구 서계동","100-1","어반허브서울스테이션(UrbanHubSeoulStation)","20250804","45000","21.201",,"7017",,"7","2025","직거래","","법인","공공기관","서울부동산정보광장_서계동_아파트_매매_202506_202605.csv"
"아파트","용산구 서계동","100-1","어반허브서울스테이션(UrbanHubSeoulStation)","20250804","38550","22.026",,"5786",,"3","2025","직거래","","법인","공공기관","서울부동산정보광장_서계동_아파트_매매_202506_202605.csv"
"아파트","용산구 서계동","100-1","어반허브서울스테이션(UrbanHubSeoulStation)","20250804","42950","21.201",,"6697",,"1","2025","직거래","","법인","공공기관","서울부동산정보광장_서계동_아파트_매매_202506_202605.csv"
"아파트","용산구 서계동","100-1","어반허브서울스테이션(UrbanHubSeoulStation)","20250804","45000","21.201",,"7017",,"7","2025","직거래","","법인","공공기관","서울부동산정보광장_서계동_아파트_매매_202506_202605.csv"
"아파트","용산구 서계동","100-1","어반허브서울스테이션(UrbanHubSeoulStation)","20250804","45000","21.201",,"7017",,"8","2025","직거래","","법인","공공기관","서울부동산정보광장_서계동_아파트_매매_202506_202605.csv"
"아파트","용산구 서계동","100-1","어반허브서울스테이션(UrbanHubSeoulStation)","20250804","43650","21.201",,"6806",,"2","2025","직거래","","법인","공공기관","서울부동산정보광장_서계동_아파트_매매_202506_202605.csv"
"아파트","용산구 서계동","100-1","어반허브서울스테이션(UrbanHubSeoulStation)","20250804","37850","22.026",,"5681",,"1","2025","직거래","","법인","공공기관","서울부동산정보광장_서계동_아파트_매매_202506_202605.csv"
"아파트","용산구 서계동","100-1","어반허브서울스테이션(UrbanHubSeoulStation)","20250804","39200","22.026",,"5883",,"2","2025","직거래","","법인","공공기관","서울부동산정보광장_서계동_아파트_매매_202506_202605.csv"
"아파트","용산구 서계동","100-1","어반허브서울스테이션(UrbanHubSeoulStation)","20250804","45000","21.201",,"7017",,"9","2025","직거래","","법인","공공기관","서울부동산정보광장_서계동_아파트_매매_202506_202605.csv"
"아파트","용산구 서계동","100-1","어반허브서울스테이션(UrbanHubSeoulStation)","20250804","45000","21.201",,"7017",,"8","2025","직거래","","법인","공공기관","서울부동산정보광장_서계동_아파트_매매_202506_202605.csv"
"아파트","용산구 서계동","100-1","어반허브서울스테이션(UrbanHubSeoulStation)","20250804","45000","21.201",,"7017",,"9","2025","직거래","","법인","공공기관","서울부동산정보광장_서계동_아파트_매매_202506_202605.csv"
"아파트","용산구 서계동","100-1","어반허브서울스테이션(UrbanHubSeoulStation)","20250804","45000","21.201",,"7017",,"9","2025","직거래","","법인","공공기관","서울부동산정보광장_서계동_아파트_매매_202506_202605.csv"
"아파트","용산구 서계동","100-1","어반허브서울스테이션(UrbanHubSeoulStation)","20250804","43200","21.201",,"6736",,"3","2025","직거래","","법인","공공기관","서울부동산정보광장_서계동_아파트_매매_202506_202605.csv"
"아파트","용산구 서계동","100-1","어반허브서울스테이션(UrbanHubSeoulStation)","20250804","44100","21.201",,"6876",,"5","2025","직거래","","법인","공공기관","서울부동산정보광장_서계동_아파트_매매_202506_202605.csv"
"아파트","용산구 서계동","100-1","어반허브서울스테이션(UrbanHubSeoulStation)","20250804","43600","21.201",,"6798",,"5","2025","직거래","","법인","공공기관","서울부동산정보광장_서계동_아파트_매매_202506_202605.csv"
"아파트","용산구 서계동","100-1","어반허브서울스테이션(UrbanHubSeoulStation)","20250804","42250","21.201",,"6588",,"1","2025","직거래","","법인","공공기관","서울부동산정보광장_서계동_아파트_매매_202506_202605.csv"
"아파트","용산구 서계동","100-1","어반허브서울스테이션(UrbanHubSeoulStation)","20250804","44100","21.201",,"6876",,"4","2025","직거래","","법인","공공기관","서울부동산정보광장_서계동_아파트_매매_202506_202605.csv"
"아파트","용산구 서계동","100-1","어반허브서울스테이션(UrbanHubSeoulStation)","20250804","44300","21.201",,"6908",,"4","2025","직거래","","법인","공공기관","서울부동산정보광장_서계동_아파트_매매_202506_202605.csv"
"아파트","용산구 서계동","100-1","어반허브서울스테이션(UrbanHubSeoulStation)","20250804","44300","21.201",,"6908",,"5","2025","직거래","","법인","공공기관","서울부동산정보광장_서계동_아파트_매매_202506_202605.csv"
"아파트","용산구 서계동","100-1","어반허브서울스테이션(UrbanHubSeoulStation)","20250804","43600","21.201",,"6798",,"4","2025","직거래","","법인","공공기관","서울부동산정보광장_서계동_아파트_매매_202506_202605.csv"
"아파트","용산구 서계동","100-1","어반허브서울스테이션(UrbanHubSeoulStation)","20250804","43450","21.201",,"6775",,"2","2025","직거래","","법인","공공기관","서울부동산정보광장_서계동_아파트_매매_202506_202605.csv"
"아파트","용산구 서계동","100-1","어반허브서울스테이션(UrbanHubSeoulStation)","20250804","42750","21.201",,"6666",,"1","2025","직거래","","법인","공공기관","서울부동산정보광장_서계동_아파트_매매_202506_202605.csv"
"아파트","용산구 서계동","100-1","어반허브서울스테이션(UrbanHubSeoulStation)","20250804","45000","21.201",,"7017",,"7","2025","직거래","","법인","공공기관","서울부동산정보광장_서계동_아파트_매매_202506_202605.csv"
"아파트","용산구 서계동","100-1","어반허브서울스테이션(UrbanHubSeoulStation)","20250804","45000","21.201",,"7017",,"7","2025","직거래","","법인","공공기관","서울부동산정보광장_서계동_아파트_매매_202506_202605.csv"
"아파트","용산구 서계동","100-1","어반허브서울스테이션(UrbanHubSeoulStation)","20250804","44550","21.201",,"6947",,"6","2025","직거래","","법인","공공기관","서울부동산정보광장_서계동_아파트_매매_202506_202605.csv"
"아파트","용산구 서계동","100-1","어반허브서울스테이션(UrbanHubSeoulStation)","20250804","45000","21.201",,"7017",,"6","2025","직거래","","법인","공공기관","서울부동산정보광장_서계동_아파트_매매_202506_202605.csv"
"아파트","용산구 서계동","100-1","어반허브서울스테이션(UrbanHubSeoulStation)","20250804","42950","21.201",,"6697",,"2","2025","직거래","","법인","공공기관","서울부동산정보광장_서계동_아파트_매매_202506_202605.csv"
"아파트","용산구 서계동","100-1","어반허브서울스테이션(UrbanHubSeoulStation)","20250804","43650","21.201",,"6806",,"3","2025","직거래","","법인","공공기관","서울부동산정보광장_서계동_아파트_매매_202506_202605.csv"
"아파트","용산구 서계동","100-1","어반허브서울스테이션(UrbanHubSeoulStation)","20250804","44400","26.103",,"5623",,"2","2025","직거래","","법인","공공기관","서울부동산정보광장_서계동_아파트_매매_202506_202605.csv"
"아파트","용산구 서계동","100-1","어반허브서울스테이션(UrbanHubSeoulStation)","20250804","38950","22.026",,"5846",,"2","2025","직거래","","법인","공공기관","서울부동산정보광장_서계동_아파트_매매_202506_202605.csv"
"아파트","용산구 서계동","100-1","어반허브서울스테이션(UrbanHubSeoulStation)","20250804","44400","26.103",,"5623",,"3","2025","직거래","","법인","공공기관","서울부동산정보광장_서계동_아파트_매매_202506_202605.csv"
"아파트","용산구 서계동","100-1","어반허브서울스테이션(UrbanHubSeoulStation)","20250804","44650","26.103",,"5655",,"2","2025","직거래","","법인","공공기관","서울부동산정보광장_서계동_아파트_매매_202506_202605.csv"
"아파트","용산구 서계동","100-1","어반허브서울스테이션(UrbanHubSeoulStation)","20250804","38750","22.026",,"5816",,"2","2025","직거래","","법인","공공기관","서울부동산정보광장_서계동_아파트_매매_202506_202605.csv"
"아파트","용산구 서계동","100-1","어반허브서울스테이션(UrbanHubSeoulStation)","20250804","41450","22.026",,"6221",,"8","2025","직거래","","법인","공공기관","서울부동산정보광장_서계동_아파트_매매_202506_202605.csv"
"아파트","용산구 서계동","100-1","어반허브서울스테이션(UrbanHubSeoulStation)","20250804","40750","22.026",,"6116",,"8","2025","직거래","","법인","공공기관","서울부동산정보광장_서계동_아파트_매매_202506_202605.csv"
"아파트","용산구 서계동","100-1","어반허브서울스테이션(UrbanHubSeoulStation)","20250804","41450","22.026",,"6221",,"10","2025","직거래","","법인","공공기관","서울부동산정보광장_서계동_아파트_매매_202506_202605.csv"
"아파트","용산구 서계동","100-1","어반허브서울스테이션(UrbanHubSeoulStation)","20250804","41450","22.026",,"6221",,"9","2025","직거래","","법인","공공기관","서울부동산정보광장_서계동_아파트_매매_202506_202605.csv"
"아파트","용산구 서계동","100-1","어반허브서울스테이션(UrbanHubSeoulStation)","20250804","44950","26.103",,"5693",,"3","2025","직거래","","법인","공공기관","서울부동산정보광장_서계동_아파트_매매_202506_202605.csv"
"아파트","용산구 서계동","100-1","어반허브서울스테이션(UrbanHubSeoulStation)","20250804","45000","26.103",,"5699",,"8","2025","직거래","","법인","공공기관","서울부동산정보광장_서계동_아파트_매매_202506_202605.csv"
"아파트","용산구 서계동","100-1","어반허브서울스테이션(UrbanHubSeoulStation)","20250804","45000","26.103",,"5699",,"7","2025","직거래","","법인","공공기관","서울부동산정보광장_서계동_아파트_매매_202506_202605.csv"
"아파트","용산구 서계동","100-1","어반허브서울스테이션(UrbanHubSeoulStation)","20250804","43900","26.103",,"5560",,"1","2025","직거래","","법인","공공기관","서울부동산정보광장_서계동_아파트_매매_202506_202605.csv"
"아파트","용산구 서계동","100-1","어반허브서울스테이션(UrbanHubSeoulStation)","20250804","45000","26.103",,"5699",,"9","2025","직거래","","법인","공공기관","서울부동산정보광장_서계동_아파트_매매_202506_202605.csv"
"아파트","용산구 서계동","100-1","어반허브서울스테이션(UrbanHubSeoulStation)","20250804","45000","26.103",,"5699",,"6","2025","직거래","","법인","공공기관","서울부동산정보광장_서계동_아파트_매매_202506_202605.csv"
"아파트","용산구 서계동","100-1","어반허브서울스테이션(UrbanHubSeoulStation)","20250804","45000","26.103",,"5699",,"5","2025","직거래","","법인","공공기관","서울부동산정보광장_서계동_아파트_매매_202506_202605.csv"
"아파트","용산구 서계동","100-1","어반허브서울스테이션(UrbanHubSeoulStation)","20250804","44950","26.103",,"5693",,"4","2025","직거래","","법인","공공기관","서울부동산정보광장_서계동_아파트_매매_202506_202605.csv"
"아파트","용산구 서계동","100-1","어반허브서울스테이션(UrbanHubSeoulStation)","20250804","45000","26.103",,"5699",,"6","2025","직거래","","법인","공공기관","서울부동산정보광장_서계동_아파트_매매_202506_202605.csv"
"아파트","용산구 서계동","100-1","어반허브서울스테이션(UrbanHubSeoulStation)","20250804","45000","26.103",,"5699",,"10","2025","직거래","","법인","공공기관","서울부동산정보광장_서계동_아파트_매매_202506_202605.csv"
"아파트","용산구 서계동","100-1","어반허브서울스테이션(UrbanHubSeoulStation)","20250804","39850","22.026",,"5981",,"4","2025","직거래","","법인","공공기관","서울부동산정보광장_서계동_아파트_매매_202506_202605.csv"
"아파트","용산구 서계동","100-1","어반허브서울스테이션(UrbanHubSeoulStation)","20250804","39650","22.026",,"5951",,"4","2025","직거래","","법인","공공기관","서울부동산정보광장_서계동_아파트_매매_202506_202605.csv"
"아파트","용산구 서계동","100-1","어반허브서울스테이션(UrbanHubSeoulStation)","20250804","39200","22.026",,"5883",,"5","2025","직거래","","법인","공공기관","서울부동산정보광장_서계동_아파트_매매_202506_202605.csv"
"아파트","용산구 서계동","100-1","어반허브서울스테이션(UrbanHubSeoulStation)","20250804","39000","22.026",,"5853",,"1","2025","직거래","","법인","공공기관","서울부동산정보광장_서계동_아파트_매매_202506_202605.csv"
"아파트","용산구 서계동","100-1","어반허브서울스테이션(UrbanHubSeoulStation)","20250804","39200","22.026",,"5883",,"4","2025","직거래","","법인","공공기관","서울부동산정보광장_서계동_아파트_매매_202506_202605.csv"
"아파트","용산구 서계동","100-1","어반허브서울스테이션(UrbanHubSeoulStation)","20250804","39200","22.026",,"5883",,"3","2025","직거래","","법인","공공기관","서울부동산정보광장_서계동_아파트_매매_202506_202605.csv"
"아파트","용산구 서계동","100-1","어반허브서울스테이션(UrbanHubSeoulStation)","20250804","39000","22.026",,"5853",,"3","2025","직거래","","법인","공공기관","서울부동산정보광장_서계동_아파트_매매_202506_202605.csv"
"아파트","용산구 서계동","100-1","어반허브서울스테이션(UrbanHubSeoulStation)","20250804","39450","22.026",,"5921",,"3","2025","직거래","","법인","공공기관","서울부동산정보광장_서계동_아파트_매매_202506_202605.csv"
"아파트","용산구 서계동","100-1","어반허브서울스테이션(UrbanHubSeoulStation)","20250804","38300","22.026",,"5748",,"1","2025","직거래","","법인","공공기관","서울부동산정보광장_서계동_아파트_매매_202506_202605.csv"
"아파트","용산구 서계동","100-1","어반허브서울스테이션(UrbanHubSeoulStation)","20250804","39450","22.026",,"5921",,"5","2025","직거래","","법인","공공기관","서울부동산정보광장_서계동_아파트_매매_202506_202605.csv"
"아파트","용산구 서계동","100-1","어반허브서울스테이션(UrbanHubSeoulStation)","20250804","40500","22.026",,"6078",,"7","2025","직거래","","법인","공공기관","서울부동산정보광장_서계동_아파트_매매_202506_202605.csv"
"아파트","용산구 서계동","100-1","어반허브서울스테이션(UrbanHubSeoulStation)","20250804","40100","22.026",,"6018",,"7","2025","직거래","","법인","공공기관","서울부동산정보광장_서계동_아파트_매매_202506_202605.csv"
"아파트","용산구 서계동","100-1","어반허브서울스테이션(UrbanHubSeoulStation)","20250804","40350","22.026",,"6056",,"8","2025","직거래","","법인","공공기관","서울부동산정보광장_서계동_아파트_매매_202506_202605.csv"
"아파트","용산구 서계동","100-1","어반허브서울스테이션(UrbanHubSeoulStation)","20250804","40750","22.026",,"6116",,"7","2025","직거래","","법인","공공기관","서울부동산정보광장_서계동_아파트_매매_202506_202605.csv"
"아파트","용산구 서계동","100-1","어반허브서울스테이션(UrbanHubSeoulStation)","20250804","40750","22.026",,"6116",,"6","2025","직거래","","법인","공공기관","서울부동산정보광장_서계동_아파트_매매_202506_202605.csv"
"아파트","용산구 서계동","100-1","어반허브서울스테이션(UrbanHubSeoulStation)","20250804","39850","22.026",,"5981",,"5","2025","직거래","","법인","공공기관","서울부동산정보광장_서계동_아파트_매매_202506_202605.csv"
"아파트","용산구 서계동","100-1","어반허브서울스테이션(UrbanHubSeoulStation)","20250804","39650","22.026",,"5951",,"5","2025","직거래","","법인","공공기관","서울부동산정보광장_서계동_아파트_매매_202506_202605.csv"
"아파트","용산구 서계동","100-1","어반허브서울스테이션(UrbanHubSeoulStation)","20250804","40300","22.026",,"6048",,"6","2025","직거래","","법인","공공기관","서울부동산정보광장_서계동_아파트_매매_202506_202605.csv"
"아파트","용산구 서계동","100-1","어반허브서울스테이션(UrbanHubSeoulStation)","20250804","39850","22.026",,"5981",,"6","2025","직거래","","법인","공공기관","서울부동산정보광장_서계동_아파트_매매_202506_202605.csv"
"아파트","용산구 서계동","100-1","어반허브서울스테이션(UrbanHubSeoulStation)","20250804","43400","21.201",,"6767",,"2","2025","직거래","","법인","공공기관","서울부동산정보광장_서계동_아파트_매매_202506_202605.csv"
"아파트","용산구 서계동","100-1","어반허브서울스테이션(UrbanHubSeoulStation)","20250804","45000","26.103",,"5699",,"5","2025","직거래","","법인","공공기관","서울부동산정보광장_서계동_아파트_매매_202506_202605.csv"
"단독/다가구","용산구 서계동","","","20250809","73500","49.58","49","4901","4959","","1960","중개거래","서울 마포구, 서울 용산구","개인","개인","서울부동산정보광장_서계동_단독다가구_매매_202506_202605.csv"
"다세대/연립","용산구 서계동","33-64","퍼스트하우스","20250811","51000","29.97","20","5625","8430","3","2021","중개거래","서울 마포구","개인","개인","서울부동산정보광장_서계동_다세대연립_매매_202506_202605.csv"
"다세대/연립","용산구 서계동","246-34","(246-34)","20250827","80000","54.11","21","4888","12594","2","1996","중개거래","서울 용산구","개인","개인","서울부동산정보광장_서계동_다세대연립_매매_202506_202605.csv"
"다세대/연립","용산구 서계동","33-56","서계라온펠리체","20250903","81000","29.4","18","9108","14876","4","2023","중개거래","서울 용산구","개인","개인","서울부동산정보광장_서계동_다세대연립_매매_202506_202605.csv"
"단독/다가구","용산구 서계동","","","20250908","163000","149.64","97","3601","5555","","1993","중개거래","서울 용산구, 서울 중구","개인","개인","서울부동산정보광장_서계동_단독다가구_매매_202506_202605.csv"
"다세대/연립","용산구 서계동","223-33","에스에스빌라가동","20250919","100000","43.96","30","7520","11019","2","2007","중개거래","서울 용산구","개인","개인","서울부동산정보광장_서계동_다세대연립_매매_202506_202605.csv"
"다세대/연립","용산구 서계동","261-17","하이츠빌라A동(261-17)","20251001","81000","51.97","26","5152","10299","2","2009","중개거래","서울 용산구","개인","개인","서울부동산정보광장_서계동_다세대연립_매매_202506_202605.csv"
"다세대/연립","용산구 서계동","33-32","(33-32)","20251008","110000","54.68","41","6650","8869","2","1986","중개거래","서울 용산구","개인","개인","서울부동산정보광장_서계동_다세대연립_매매_202506_202605.csv"
"다세대/연립","용산구 서계동","251-11","(251-11)","20251013","35000","32.86","17","3521","6806","1","1996","중개거래","서울 용산구","개인","개인","서울부동산정보광장_서계동_다세대연립_매매_202506_202605.csv"
"다세대/연립","용산구 서계동","261-5","(261-5)","20251022","94000","54.12","26","5742","11952","3","2008","중개거래","서울 용산구","개인","개인","서울부동산정보광장_서계동_다세대연립_매매_202506_202605.csv"
"다세대/연립","용산구 서계동","247-15","(247-15)","20251024","62500","29.72","12","6952","17218","1","2015","중개거래","서울 용산구","개인","개인","서울부동산정보광장_서계동_다세대연립_매매_202506_202605.csv"
"다세대/연립","용산구 서계동","251-12","(251-12)","20251024","50000","25.03","9","6604","18366","-1","1996","중개거래","서울 용산구","개인","개인","서울부동산정보광장_서계동_다세대연립_매매_202506_202605.csv"
"단독/다가구","용산구 서계동","","","20251024","110000","71.08","62","5116","5865","","1982","중개거래","서울 용산구","개인","개인","서울부동산정보광장_서계동_단독다가구_매매_202506_202605.csv"
"다세대/연립","용산구 서계동","257-2","(257-2)","20251029","41000","22.73","9","5963","15060","-1","1998","중개거래","서울 용산구","개인","개인","서울부동산정보광장_서계동_다세대연립_매매_202506_202605.csv"
"다세대/연립","용산구 서계동","96-12","엘림빌라","20251101","111000","69.03","47","5316","7807","1","1990","중개거래","서울 용산구","개인","개인","서울부동산정보광장_서계동_다세대연립_매매_202506_202605.csv"
"단독/다가구","용산구 서계동","","","20251101","80000","26.45","53","9999","4990","","1936","중개거래","서울 마포구, 서울 용산구","개인","개인","서울부동산정보광장_서계동_단독다가구_매매_202506_202605.csv"
"다세대/연립","용산구 서계동","251-54","(251-54)","20251107","96000","56.02","26","5665","12206","2","2009","중개거래","서울 마포구, 서울 용산구","개인","개인","서울부동산정보광장_서계동_다세대연립_매매_202506_202605.csv"
"다세대/연립","용산구 서계동","251-11","(251-11)","20251110","35000","32.86","17","3521","6806","1","1996","중개거래","서울 용산구","개인","개인","서울부동산정보광장_서계동_다세대연립_매매_202506_202605.csv"
"단독/다가구","용산구 서계동","","","20251115","129000","142.42","76","2994","5611","","1994","중개거래","서울 용산구","개인","개인","서울부동산정보광장_서계동_단독다가구_매매_202506_202605.csv"
"다세대/연립","용산구 서계동","33-56","서계라온펠리체","20251124","82000","29.14","18","9303","15060","4","2023","중개거래","서울 용산구","개인","개인","서울부동산정보광장_서계동_다세대연립_매매_202506_202605.csv"
"다세대/연립","용산구 서계동","245-28","(245-28)","20251222","86000","42.62","18","6671","15794","1","1999","중개거래","서울 용산구, 서울 중구","개인","개인","서울부동산정보광장_서계동_다세대연립_매매_202506_202605.csv"
"다세대/연립","용산구 서계동","246-42","청운빌라","20251224","64500","57.02","18","3739","11846","-1","2001","중개거래","서울 용산구","개인","개인","서울부동산정보광장_서계동_다세대연립_매매_202506_202605.csv"
"다세대/연립","용산구 서계동","240-16","(240-16)","20251230","73000","45.81","19","5268","12701","-1","1997","중개거래","서울 용산구","개인","개인","서울부동산정보광장_서계동_다세대연립_매매_202506_202605.csv"
"다세대/연립","용산구 서계동","252-50","(252-50)","20251230","75000","45.54","18","5444","13774","-1","1998","중개거래","서울 용산구","개인","개인","서울부동산정보광장_서계동_다세대연립_매매_202506_202605.csv"
"다세대/연립","용산구 서계동","240-30","(240-30)","20260104","76500","49.52","16","5107","15806","1","1998","중개거래","서울 용산구","개인","개인","서울부동산정보광장_서계동_다세대연립_매매_202506_202605.csv"
"다세대/연립","용산구 서계동","33-14","현대빌라(33-14)","20260108","85000","38.86","32","7231","8781","-1","1989","중개거래","서울 마포구, 서울 용산구","개인","개인","서울부동산정보광장_서계동_다세대연립_매매_202506_202605.csv"
"다세대/연립","용산구 서계동","246-42","청운빌라","20260109","64500","57.02","18","3739","11846","-1","2001","중개거래","서울 용산구","개인","개인","서울부동산정보광장_서계동_다세대연립_매매_202506_202605.csv"
"다세대/연립","용산구 서계동","246-2","수정빌라(246-2)","20260119","71000","40.17","15","5843","15647","-1","1997","중개거래","서울 용산구","개인","개인","서울부동산정보광장_서계동_다세대연립_매매_202506_202605.csv"
"다세대/연립","용산구 서계동","252-78","(252-78)","20260128","70000","41.77","13","5540","17800","2","1998","중개거래","서울 용산구","개인","개인","서울부동산정보광장_서계동_다세대연립_매매_202506_202605.csv"
"다세대/연립","용산구 서계동","96-6","(96-6)","20260131","98000","39.6","29","8181","11171","2","1987","중개거래","서울 용산구","개인","개인","서울부동산정보광장_서계동_다세대연립_매매_202506_202605.csv"
"단독/다가구","용산구 서계동","","","20260204","126000","109.08","69","3819","6037","","1992","중개거래","서울 용산구","개인","개인","서울부동산정보광장_서계동_단독다가구_매매_202506_202605.csv"
"다세대/연립","용산구 서계동","33-56","서계라온펠리체","20260206","88000","29.64","18","9815","16162","4","2023","중개거래","서울 용산구","개인","개인","서울부동산정보광장_서계동_다세대연립_매매_202506_202605.csv"
"다세대/연립","용산구 서계동","261-6","하이츠빌라B동(261-6)","20260211","112000","50.32","26","7358","14240","2","2009","중개거래","서울 용산구","개인","개인","서울부동산정보광장_서계동_다세대연립_매매_202506_202605.csv"
"단독/다가구","용산구 서계동","","","20260212","99700","63.34","59","5203","5586","","1937","중개거래","서울 용산구","개인","개인","서울부동산정보광장_서계동_단독다가구_매매_202506_202605.csv"
"단독/다가구","용산구 서계동","","","20260213","115000","19.83","39","19171","9748","","1937","중개거래","서울 용산구","개인","개인","서울부동산정보광장_서계동_단독다가구_매매_202506_202605.csv"
"다세대/연립","용산구 서계동","258-10","(258-10)","20260223","105000","50.55","19","6867","18269","4","1997","중개거래","서울 용산구","개인","개인","서울부동산정보광장_서계동_다세대연립_매매_202506_202605.csv"
"다세대/연립","용산구 서계동","252-69","(252-69)","20260224","69000","33.34","12","6842","19008","3","1998","중개거래","서울 용산구","개인","개인","서울부동산정보광장_서계동_다세대연립_매매_202506_202605.csv"
"다세대/연립","용산구 서계동","252-56","(252-56)","20260226","79000","36.34","18","7187","14509","2","1996","중개거래","서울 용산구","개인","개인","서울부동산정보광장_서계동_다세대연립_매매_202506_202605.csv"
"다세대/연립","용산구 서계동","254-2","(254-2)","20260227","62000","31.79","11","6447","18633","3","1998","중개거래","서울 용산구, 서울 중구","개인","개인","서울부동산정보광장_서계동_다세대연립_매매_202506_202605.csv"
"다세대/연립","용산구 서계동","33-56","서계라온펠리체","20260306","82000","29.14","18","9303","15060","3","2023","중개거래","서울 용산구","개인","개인","서울부동산정보광장_서계동_다세대연립_매매_202506_202605.csv"
"다세대/연립","용산구 서계동","33-56","서계라온펠리체","20260306","82000","29.14","18","9303","15060","3","2023","중개거래","서울 용산구","개인","개인","서울부동산정보광장_서계동_다세대연립_매매_202506_202605.csv"
"단독/다가구","용산구 서계동","","","20260307","92000","23.14","52","13143","5849","","1936","중개거래","서울 용산구","개인","개인","서울부동산정보광장_서계동_단독다가구_매매_202506_202605.csv"
"다세대/연립","용산구 서계동","251-12","(251-12)","20260313","60000","25.03","9","7924","22039","2","1996","중개거래","서울 용산구, 서울 중구","개인","개인","서울부동산정보광장_서계동_다세대연립_매매_202506_202605.csv"
"다세대/연립","용산구 서계동","33-56","서계라온펠리체","20260313","82000","29.3","18","9252","15060","4","2023","중개거래","서울 용산구","개인","개인","서울부동산정보광장_서계동_다세대연립_매매_202506_202605.csv"
"다세대/연립","용산구 서계동","251-1","(251-1)","20260314","96700","55.14","22","5797","14530","2","1996","중개거래","서울 용산구","개인","개인","서울부동산정보광장_서계동_다세대연립_매매_202506_202605.csv"
"다세대/연립","용산구 서계동","261-5","(261-5)","20260317","90000","57.71","26","5155","11443","-1","2008","중개거래","서울 용산구","개인","개인","서울부동산정보광장_서계동_다세대연립_매매_202506_202605.csv"
"단독/다가구","용산구 서계동","","","20260317","84600","36.36","82","7692","3411","","1954","중개거래","인천 부평구","개인","개인","서울부동산정보광장_서계동_단독다가구_매매_202506_202605.csv"
"다세대/연립","용산구 서계동","246-7","(246-7)","20260320","110000","57.24","22","6353","16529","2","1997","중개거래","서울 용산구","개인","개인","서울부동산정보광장_서계동_다세대연립_매매_202506_202605.csv"
"다세대/연립","용산구 서계동","257-4","(257-4)","20260321","69000","35.3","11","6462","20736","2","1998","중개거래","서울 용산구","개인","개인","서울부동산정보광장_서계동_다세대연립_매매_202506_202605.csv"
"다세대/연립","용산구 서계동","246-24","(246-24)","20260403","93000","47.14","18","6522","17080","1","1997","중개거래","서울 용산구, 서울 중구","개인","개인","서울부동산정보광장_서계동_다세대연립_매매_202506_202605.csv"
"단독/다가구","용산구 서계동","","","20260407","78500","16.53","39","15699","6654","","1941","중개거래","서울 용산구","개인","개인","서울부동산정보광장_서계동_단독다가구_매매_202506_202605.csv"
"다세대/연립","용산구 서계동","246-38","(246-38)","20260408","65000","34.5","12","6228","17906","1","1998","중개거래","서울 용산구","개인","개인","서울부동산정보광장_서계동_다세대연립_매매_202506_202605.csv"
"다세대/연립","용산구 서계동","246-42","청운빌라","20260409","100000","57.02","18","5798","18366","3","2001","중개거래","서울 용산구","개인","개인","서울부동산정보광장_서계동_다세대연립_매매_202506_202605.csv"
"다세대/연립","용산구 서계동","246-38","(246-38)","20260414","63000","32.82","11","6346","18933","3","1998","중개거래","서울 용산구","개인","개인","서울부동산정보광장_서계동_다세대연립_매매_202506_202605.csv"
"다세대/연립","용산구 서계동","246-38","(246-38)","20260417","54000","26.51","9","6734","19835","1","1998","중개거래","서울 용산구, 서울 중구","개인","개인","서울부동산정보광장_서계동_다세대연립_매매_202506_202605.csv"
"다세대/연립","용산구 서계동","246-38","(246-38)","20260420","55000","32.82","11","5540","16529","-1","1998","중개거래","서울 용산구","개인","개인","서울부동산정보광장_서계동_다세대연립_매매_202506_202605.csv"
"다세대/연립","용산구 서계동","246-38","(246-38)","20260420","54800","28.19","9","6426","20129","2","1998","중개거래","서울 용산구, 서울 중구","개인","개인","서울부동산정보광장_서계동_다세대연립_매매_202506_202605.csv"
"다세대/연립","용산구 서계동","242-2","242-2","20260421","45300","25.36","17","5905","8809","5","2021","직거래","","개인","개인","서울부동산정보광장_서계동_다세대연립_매매_202506_202605.csv"
"다세대/연립","용산구 서계동","246-38","(246-38)","20260422","65000","32.82","11","6547","19534","2","1998","중개거래","서울 마포구, 서울 용산구","개인","개인","서울부동산정보광장_서계동_다세대연립_매매_202506_202605.csv"
"다세대/연립","용산구 서계동","246-38","(246-38)","20260422","55000","28.19","9","6450","20202","3","1998","중개거래","서울 마포구","개인","개인","서울부동산정보광장_서계동_다세대연립_매매_202506_202605.csv"
"단독/다가구","용산구 서계동","","","20260422","320000","495.2","218","2136","4853","","1996","중개거래","경기 안성시, 서울 용산구","개인","개인","서울부동산정보광장_서계동_단독다가구_매매_202506_202605.csv"
"다세대/연립","용산구 서계동","246-2","수정빌라(246-2)","20260427","60000","40.17","15","4938","13223","4","1997","직거래","","개인","개인","서울부동산정보광장_서계동_다세대연립_매매_202506_202605.csv"
"다세대/연립","용산구 서계동","246-38","(246-38)","20260429","50000","28.19","9","5863","18366","-1","1998","중개거래","서울 용산구","개인","개인","서울부동산정보광장_서계동_다세대연립_매매_202506_202605.csv"
"다세대/연립","용산구 서계동","54-12","미도A","20260501","100000","50.82","33","6505","10018","2","1987","중개거래","서울 용산구","개인","개인","서울부동산정보광장_서계동_다세대연립_매매_202506_202605.csv"
"단독/다가구","용산구 서계동","","","20260501","70000","14.26","35","16228","6612","","2007","중개거래","서울 마포구, 서울 용산구","개인","개인","서울부동산정보광장_서계동_단독다가구_매매_202506_202605.csv"
"다세대/연립","용산구 서계동","33-233","오브레더서계","20260507","75000","29.99","21","8267","11806","2","2022","중개거래","서울 용산구","개인","개인","서울부동산정보광장_서계동_다세대연립_매매_202506_202605.csv"
"다세대/연립","용산구 서계동","257-4","(257-4)","20260522","66000","35.3","11","6181","19835","-1","1998","중개거래","서울 용산구","개인","개인","서울부동산정보광장_서계동_다세대연립_매매_202506_202605.csv"
"단독/다가구","용산구 서계동","","","20260531","50000","26.45","49","6249","3373","","1931","직거래","","개인","개인","서울부동산정보광장_서계동_단독다가구_매매_202506_202605.csv"
