연번,토지소재지,지번,지목,대장면적(㎡),편입면적(㎡),용도지역,비고
1,서울특별시 용산구 서계동,246-11,대,72.7,72.7,,
2,서울특별시 용산구 서계동,252-49,대,50.1,50.1,,
3,서울특별시 용산구 서계동,264-17,대,29.1,29.1,,
4,서울특별시 용산구 서계동,251-97,도,631.08,631.08,,
5,서울특별시 용산구 서계동,33-218,대,102.5,102.5,,
6,서울특별시 용산구 서계동,257-22,도,0.7,0.7,,
7,서울특별시 용산구 서계동,95-13,대,60.8,60.8,,
8,서울특별시 용산구 서계동,33-319,대,2.8,2.8,,
9,서울특별시 용산구 서계동,257-21,도,45.9,45.9,,
10,서울특별시 용산구 서계동,55-2,대,42,42,,
11,서울특별시 용산구 서계동,257-23,구,21.3,21.3,,
12,서울특별시 용산구 서계동,258-5,대,8.1,8.1,,
13,서울특별시 용산구 서계동,245-20,대,39.5,39.5,,
14,서울특별시 용산구 서계동,270-2,대,4.5,4.5,,
15,서울특별시 용산구 서계동,276-4,구,8.4,8.4,,
16,서울특별시 용산구 서계동,245-43,도,1.1,1.1,,
17,서울특별시 용산구 서계동,33-22,대,188.1,188.1,,
18,서울특별시 용산구 서계동,95-14,대,44.3,44.3,,
19,서울특별시 용산구 서계동,245-64,도,2.2,2.2,,
20,서울특별시 용산구 서계동,245-62,도,5.5,5.5,,
21,서울특별시 용산구 서계동,258-16,도,39.4,39.4,,
22,서울특별시 용산구 서계동,246-24,대,169.2,169.2,,
23,서울특별시 용산구 서계동,95-24,대,6,6,,
24,서울특별시 용산구 서계동,245-19,대,40.7,40.7,,
25,서울특별시 용산구 서계동,251-29,대,61.8,61.8,,
26,서울특별시 용산구 서계동,252-84,대,29.3,29.3,,
27,서울특별시 용산구 서계동,252-27,대,71.7,71.7,,
28,서울특별시 용산구 서계동,33-328,대,9.9,9.9,,
29,서울특별시 용산구 서계동,33-71,대,26.5,26.5,,
30,서울특별시 용산구 서계동,255-19,대,69.4,69.4,,
31,서울특별시 용산구 서계동,256-5,대,19.3,19.3,,
32,서울특별시 용산구 서계동,251-30,대,66.4,66.4,,
33,서울특별시 용산구 서계동,252-5,대,55.2,55.2,,
34,서울특별시 용산구 서계동,255-12,대,49.6,49.6,,
35,서울특별시 용산구 서계동,255-9,대,84.96,84.96,,
36,서울특별시 용산구 서계동,33-70,대,29.8,29.8,,
37,서울특별시 용산구 서계동,33-7,대,270.9,270.9,,
38,서울특별시 용산구 서계동,252-112,도,13.3,13.3,,
39,서울특별시 용산구 서계동,252-26,대,78.3,78.3,,
40,서울특별시 용산구 서계동,33-247,대,23.1,23.1,,
41,서울특별시 용산구 서계동,238-32,대,181.9,181.9,,
42,서울특별시 용산구 서계동,238-12,대,52.9,52.9,,
43,서울특별시 용산구 서계동,238-21,대,79.3,79.3,,
44,서울특별시 용산구 서계동,238-41,대,45.1,45.1,,
45,서울특별시 용산구 서계동,241-3,대,52.5,52.5,,
46,서울특별시 용산구 서계동,238-9,대,72.7,72.7,,
47,서울특별시 용산구 서계동,241-9,대,29.1,29.1,,
48,서울특별시 용산구 서계동,238-30,대,69.4,69.4,,
49,서울특별시 용산구 서계동,238-7,대,79.3,79.3,,
50,서울특별시 용산구 서계동,285,도,160,153.94,,
51,서울특별시 용산구 서계동,238-58,대,19.8,19.8,,
52,서울특별시 용산구 서계동,242-1,대,81.8,81.8,,
53,서울특별시 용산구 서계동,238-13,대,86,86,,
54,서울특별시 용산구 서계동,238-64,대,2.3,2.3,,
55,서울특별시 용산구 서계동,241-4,대,53.3,53.3,,
56,서울특별시 용산구 서계동,243-11,대,85.3,85.3,,
57,서울특별시 용산구 서계동,238-22,대,79.3,79.3,,
58,서울특별시 용산구 서계동,238-71,대,2.3,2.3,,
59,서울특별시 용산구 서계동,261-10,대,88.9,88.9,,
60,서울특별시 용산구 서계동,258-20,대,25,25,,
61,서울특별시 용산구 서계동,252-66,대,67.4,67.4,,
62,서울특별시 용산구 서계동,53-8,대,139.8,139.8,,
63,서울특별시 용산구 서계동,95-18,대,39.7,39.7,,
64,서울특별시 용산구 서계동,252-55,대,66.1,66.1,,
65,서울특별시 용산구 서계동,245-65,도,6.3,6.3,,
66,서울특별시 용산구 서계동,95-20,대,124.9,124.9,,
67,서울특별시 용산구 서계동,257-8,도,126.8,126.8,,
68,서울특별시 용산구 서계동,247-47,도,67.4,67.4,,
69,서울특별시 용산구 서계동,264-19,대,28.1,28.1,,
70,서울특별시 용산구 서계동,257-1,대,131.25,131.25,,
71,서울특별시 용산구 서계동,252-94,도,39.2,39.2,,
72,서울특별시 용산구 서계동,246-18,대,78.84,78.84,,
73,서울특별시 용산구 서계동,33-21,대,191.2,191.2,,
74,서울특별시 용산구 서계동,247-6,대,439.66,439.66,,
75,서울특별시 용산구 서계동,245-37,도,70.5,70.5,,
76,서울특별시 용산구 서계동,264-22,대,7.3,0.9400000000000001,,
77,서울특별시 용산구 서계동,257-20,구,10.3,10.3,,
78,서울특별시 용산구 서계동,258-18,도,11.6,11.6,,
79,서울특별시 용산구 서계동,261-21,대,62.8,62.8,,
80,서울특별시 용산구 서계동,258-8,도,18.8,18.8,,
81,서울특별시 용산구 서계동,257-24,구,10.7,10.7,,
82,서울특별시 용산구 서계동,53-12,대,119.3,119.3,,
83,서울특별시 용산구 서계동,256-6,대,39.3,39.3,,
84,서울특별시 용산구 서계동,256-7,대,100.2,100.2,,
85,서울특별시 용산구 서계동,33-6,대,355.84,355.84,,
86,서울특별시 용산구 서계동,33-257,대,90.3,90.3,,
87,서울특별시 용산구 서계동,251-34,대,71.7,71.7,,
88,서울특별시 용산구 서계동,255-21,대,99.2,99.2,,
89,서울특별시 용산구 서계동,255-8,대,66.1,66.1,,
90,서울특별시 용산구 서계동,251-67,대,69.4,69.4,,
91,서울특별시 용산구 서계동,251-36,대,65.1,65.1,,
92,서울특별시 용산구 서계동,252-44,대,75.9,75.9,,
93,서울특별시 용산구 서계동,255-13,대,59.5,59.5,,
94,서울특별시 용산구 서계동,255-2,대,59.49,59.49,,
95,서울특별시 용산구 서계동,238-16,대,99.2,99.2,,
96,서울특별시 용산구 서계동,242-28,대,119,119,,
97,서울특별시 용산구 서계동,238-76,도,9.9,9.9,,
98,서울특별시 용산구 서계동,238-29,대,105.2,105.2,,
99,서울특별시 용산구 서계동,242-2,대,54.99,54.99,,
100,서울특별시 용산구 서계동,243-26,대,39,39,,
101,서울특별시 용산구 서계동,241-7,대,69.4,69.4,,
102,서울특별시 용산구 서계동,242-27,대,121.3,121.3,,
103,서울특별시 용산구 서계동,239-20,도,51.7,50.51,,
104,서울특별시 용산구 서계동,242-3,대,46.28,46.28,,
105,서울특별시 용산구 서계동,240-2,대,3.6,3.6,,
106,서울특별시 용산구 서계동,238-15,대,99.4,99.4,,
107,서울특별시 용산구 서계동,241-6,대,66.2,66.2,,
108,서울특별시 용산구 서계동,240-41,대,72.9,72.9,,
109,서울특별시 용산구 서계동,243-31,대,57.2,57.2,,
110,서울특별시 용산구 서계동,281-2,도,22,22,,
111,서울특별시 용산구 서계동,240-45,대,0.4,0.4,,
112,서울특별시 용산구 서계동,242-29,대,3.6,3.6,,
113,서울특별시 용산구 서계동,57,대,95.9,95.9,,
114,서울특별시 용산구 서계동,261-17,대,105.43,105.43,,
115,서울특별시 용산구 서계동,53-23,도,14.3,14.3,,
116,서울특별시 용산구 서계동,276-5,구,270.1,270.1,,
117,서울특별시 용산구 서계동,264-20,대,12.2,12.2,,
118,서울특별시 용산구 서계동,264-23,대,4.3,0.84,,
119,서울특별시 용산구 서계동,245-38,도,23.1,23.1,,
120,서울특별시 용산구 서계동,33-208,대,74.1,74.1,,
121,서울특별시 용산구 서계동,56-4,도,20.8,20.8,,
122,서울특별시 용산구 서계동,252-58,대,14.75,14.75,,
123,서울특별시 용산구 서계동,73-3,대,134.2,134.2,,
124,서울특별시 용산구 서계동,264-24,대,1.7,0.61,,
125,서울특별시 용산구 서계동,94,대,92.2,92.2,,
126,서울특별시 용산구 서계동,252-57,대,45.1,45.1,,
127,서울특별시 용산구 서계동,33-309,도,25.9,25.9,,
128,서울특별시 용산구 서계동,246-22,대,48.9,48.9,,
129,서울특별시 용산구 서계동,247-42,대,62.8,62.8,,
130,서울특별시 용산구 서계동,252-67,대,56.2,56.2,,
131,서울특별시 용산구 서계동,33-206,대,86,86,,
132,서울특별시 용산구 서계동,53-9,대,46.3,46.3,,
133,서울특별시 용산구 서계동,257-2,대,47.8,47.8,,
134,서울특별시 용산구 서계동,53-5,대,72.48,72.48,,
135,서울특별시 용산구 서계동,33-249,대,150.4,150.4,,
136,서울특별시 용산구 서계동,33-67,대,23.1,23.1,,
137,서울특별시 용산구 서계동,252-23,대,49.9,49.9,,
138,서울특별시 용산구 서계동,33-330,대,1.21,1.21,,
139,서울특별시 용산구 서계동,255-25,구,0.7,0.7,,
140,서울특별시 용산구 서계동,33-244,대,136.9,136.9,,
141,서울특별시 용산구 서계동,251-35,대,56.5,56.5,,
142,서울특별시 용산구 서계동,251-66,대,69.5,69.5,,
143,서울특별시 용산구 서계동,33-303,대,81.3,81.3,,
144,서울특별시 용산구 서계동,33-16,대,229.18,229.18,,
145,서울특별시 용산구 서계동,252-22,대,60.8,60.8,,
146,서울특별시 용산구 서계동,259-1,대,47.3,47.3,,
147,서울특별시 용산구 서계동,33-302,대,104.8,104.8,,
148,서울특별시 용산구 서계동,251-41,대,74,74,,
149,서울특별시 용산구 서계동,252-7,대,69.4,69.4,,
150,서울특별시 용산구 서계동,252-45,대,72.6,72.6,,
151,서울특별시 용산구 서계동,239-1,대,29.8,29.8,,
152,서울특별시 용산구 서계동,243-27,대,1.3,1.3,,
153,서울특별시 용산구 서계동,240-40,대,82.6,82.6,,
154,서울특별시 용산구 서계동,238-80,대,3.3,3.3,,
155,서울특별시 용산구 서계동,33-134,대,62.8,62.8,,
156,서울특별시 용산구 서계동,242-5,대,138.9,138.9,,
157,서울특별시 용산구 서계동,238-24,대,37.8,37.8,,
158,서울특별시 용산구 서계동,299,도,418,75.67,,
159,서울특별시 용산구 서계동,242-9,대,56.2,56.2,,
160,서울특별시 용산구 서계동,33-132,대,128.9,128.9,,
161,서울특별시 용산구 서계동,239-3,대,113.4,113.4,,
162,서울특별시 용산구 서계동,240-3,대,105.8,105.8,,
163,서울특별시 용산구 서계동,238-27,대,35.7,35.7,,
164,서울특별시 용산구 서계동,33-317,대,1.1,1.1,,
165,서울특별시 용산구 서계동,33-190,대,55.1,55.1,,
166,서울특별시 용산구 서계동,242-24,대,72.67,72.67,,
167,서울특별시 용산구 서계동,33-97,도,26.1,26.1,,
168,서울특별시 용산구 서계동,33-137,대,43,43,,
169,서울특별시 용산구 서계동,73-4,대,107.4,107.4,,
170,서울특별시 용산구 서계동,95-21,대,211.96,211.96,,
171,서울특별시 용산구 서계동,277-1,도,151.5,151.5,,
172,서울특별시 용산구 서계동,261-11,대,9.6,9.6,,
173,서울특별시 용산구 서계동,95-15,대,40.7,40.7,,
174,서울특별시 용산구 서계동,245-41,도,11.8,11.8,,
175,서울특별시 용산구 서계동,33-26,도,11.88,11.88,,
176,서울특별시 용산구 서계동,246-14,대,162,162,,
177,서울특별시 용산구 서계동,245-40,도,3.7,3.7,,
178,서울특별시 용산구 서계동,246-17,대,164.2,164.2,,
179,서울특별시 용산구 서계동,33-177,대,52.9,52.9,,
180,서울특별시 용산구 서계동,245-31,도,3.3,3.3,,
181,서울특별시 용산구 서계동,252-60,대,91.2,91.2,,
182,서울특별시 용산구 서계동,261-4,대,106.04,106.04,,
183,서울특별시 용산구 서계동,247-41,대,65.1,65.1,,
184,서울특별시 용산구 서계동,252-68,대,90.74,90.74,,
185,서울특별시 용산구 서계동,33-19,대,172.9,172.9,,
186,서울특별시 용산구 서계동,245-32,대,52.9,52.9,,
187,서울특별시 용산구 서계동,96-22,도,6.3,6.3,,
188,서울특별시 용산구 서계동,96-3,대,182.1,182.1,,
189,서울특별시 용산구 서계동,58-1,대,124.6,124.6,,
190,서울특별시 용산구 서계동,33-25,대,92.6,92.6,,
191,서울특별시 용산구 서계동,33-17,대,214.92,214.92,,
192,서울특별시 용산구 서계동,255-3,대,46.3,46.3,,
193,서울특별시 용산구 서계동,259-8,도,7,7,,
194,서울특별시 용산구 서계동,251-42,대,82,82,,
195,서울특별시 용산구 서계동,33-310,대,402.93,402.93,,
196,서울특별시 용산구 서계동,252-21,대,77.4,77.4,,
197,서울특별시 용산구 서계동,251-63,대,80.3,80.3,,
198,서울특별시 용산구 서계동,255-5,대,92.6,92.6,,
199,서울특별시 용산구 서계동,33-3,대,285.22,285.22,,
200,서울특별시 용산구 서계동,259-9,도,7.9,7.9,,
201,서울특별시 용산구 서계동,252-8,대,69.4,69.4,,
202,서울특별시 용산구 서계동,251-44,대,49.9,49.9,,
203,서울특별시 용산구 서계동,33-101,대,185.1,185.1,,
204,서울특별시 용산구 서계동,242-8,대,72.7,72.7,,
205,서울특별시 용산구 서계동,242-16,대,135.5,135.5,,
206,서울특별시 용산구 서계동,238-85,도,0.3,0.3,,
207,서울특별시 용산구 서계동,240-6,대,86,86,,
208,서울특별시 용산구 서계동,242-14,도,105.8,105.8,,
209,서울특별시 용산구 서계동,242-34,대,93.6,93.6,,
210,서울특별시 용산구 서계동,239-4,대,98.5,98.5,,
211,서울특별시 용산구 서계동,45-18,대,1,1,,
212,서울특별시 용산구 서계동,45-17,대,2.9,2.9,,
213,서울특별시 용산구 서계동,238-26,대,97.6,97.6,,
214,서울특별시 용산구 서계동,45-16,도,12.1,12.1,,
215,서울특별시 용산구 서계동,45-8,대,77.4,77.4,,
216,서울특별시 용산구 서계동,45-7,대,33.7,33.7,,
217,서울특별시 용산구 서계동,33-185,대,13.2,13.2,,
218,서울특별시 용산구 서계동,33-184,대,26.4,26.4,,
219,서울특별시 용산구 서계동,45-2,대,30.4,30.4,,
220,서울특별시 용산구 서계동,33-183,대,13.2,13.2,,
221,서울특별시 용산구 서계동,240-4,대,72.7,72.7,,
222,서울특별시 용산구 서계동,238-83,도,1.6,1.6,,
223,서울특별시 용산구 서계동,239-22,대,0.7,0.7,,
224,서울특별시 용산구 서계동,95-22,대,64.1,64.1,,
225,서울특별시 용산구 서계동,257-3,대,66.8,66.8,,
226,서울특별시 용산구 서계동,33-209,대,57.5,57.5,,
227,서울특별시 용산구 서계동,96-4,대,148.8,148.8,,
228,서울특별시 용산구 서계동,33-24,대,95.2,95.2,,
229,서울특별시 용산구 서계동,252-62,대,14.64,14.64,,
230,서울특별시 용산구 서계동,246-57,대,16.5,16.5,,
231,서울특별시 용산구 서계동,252-63,대,87.24,87.24,,
232,서울특별시 용산구 서계동,33-230,대,50.9,50.9,,
233,서울특별시 용산구 서계동,33-219,대,96.2,96.2,,
234,서울특별시 용산구 서계동,33-18,대,83.3,83.3,,
235,서울특별시 용산구 서계동,245-18,대,46.3,46.3,,
236,서울특별시 용산구 서계동,247-40,대,67.4,67.4,,
237,서울특별시 용산구 서계동,253-1,대,55.4,55.4,,
238,서울특별시 용산구 서계동,33-179,대,27.4,27.4,,
239,서울특별시 용산구 서계동,33-23,대,88.6,88.6,,
240,서울특별시 용산구 서계동,257-34,차,0.4,0.4,,
241,서울특별시 용산구 서계동,33-260,대,78.7,78.7,,
242,서울특별시 용산구 서계동,109,대,109.1,109.1,,
243,서울특별시 용산구 서계동,252-11,대,57.8,57.8,,
244,서울특별시 용산구 서계동,251-51,대,82.92,82.92,,
245,서울특별시 용산구 서계동,252-93,대,1.7,1.7,,
246,서울특별시 용산구 서계동,240-38,대,66.1,66.1,,
247,서울특별시 용산구 서계동,33-61,도,4386.4,4226.38,,
248,서울특별시 용산구 서계동,242-7,대,49.6,49.6,,
249,서울특별시 용산구 서계동,238-25,도,11.6,11.6,,
250,서울특별시 용산구 서계동,242-12,대,69.45,69.45,,
251,서울특별시 용산구 서계동,33-181,대,13.2,13.2,,
252,서울특별시 용산구 서계동,239-5,대,77.6,77.6,,
253,서울특별시 용산구 서계동,242-20,대,3.33,3.33,,
254,서울특별시 용산구 서계동,240-7,대,66.1,66.1,,
255,서울특별시 용산구 서계동,33-138,대,13.2,13.2,,
256,서울특별시 용산구 서계동,33-103,대,79.3,79.3,,
257,서울특별시 용산구 서계동,45-9,대,50.6,50.6,,
258,서울특별시 용산구 서계동,33-207,대,52.5,52.5,,
259,서울특별시 용산구 서계동,33-212,대,99.5,99.5,,
260,서울특별시 용산구 서계동,95-23,대,137.19,137.19,,
261,서울특별시 용산구 서계동,252-126,대,9.5,9.5,,
262,서울특별시 용산구 서계동,33-205,대,25.1,25.1,,
263,서울특별시 용산구 서계동,253-2,대,75.09,75.09,,
264,서울특별시 용산구 서계동,252-65,대,59.9,59.9,,
265,서울특별시 용산구 서계동,96-7,대,150.1,150.1,,
266,서울특별시 용산구 서계동,33-229,대,4.6,4.6,,
267,서울특별시 용산구 서계동,253-17,대,73.2,73.2,,
268,서울특별시 용산구 서계동,33-232,대,125,125,,
269,서울특별시 용산구 서계동,249-12,도,1316.4,1316.4,,
270,서울특별시 용산구 서계동,33-15,대,81.6,81.6,,
271,서울특별시 용산구 서계동,261-2,대,97.5,97.5,,
272,서울특별시 용산구 서계동,247-35,대,106.4,106.4,,
273,서울특별시 용산구 서계동,247-8,대,56,56,,
274,서울특별시 용산구 서계동,33-4,대,19.8,19.8,,
275,서울특별시 용산구 서계동,91,대,129.21,129.21,,
276,서울특별시 용산구 서계동,91-1,대,202.4,202.4,,
277,서울특별시 용산구 서계동,242-18,대,47.9,47.9,,
278,서울특별시 용산구 서계동,33-141,대,56.2,56.2,,
279,서울특별시 용산구 서계동,36-1,대,90.1,90.1,,
280,서울특별시 용산구 서계동,39,대,29.8,29.8,,
281,서울특별시 용산구 서계동,240-37,대,62.8,62.8,,
282,서울특별시 용산구 서계동,239-24,대,39.7,39.7,,
283,서울특별시 용산구 서계동,244-15,도,1.3,1.3,,
284,서울특별시 용산구 서계동,244-1,대,81,81,,
285,서울특별시 용산구 서계동,33-140,대,62.8,62.8,,
286,서울특별시 용산구 서계동,242-15,대,49.6,49.6,,
287,서울특별시 용산구 서계동,45-5,대,20.2,20.2,,
288,서울특별시 용산구 서계동,33-139,대,56.2,56.2,,
289,서울특별시 용산구 서계동,242-17,대,16.5,16.5,,
290,서울특별시 용산구 서계동,33-94,대,66.1,66.1,,
291,서울특별시 용산구 서계동,244-16,도,9,9,,
292,서울특별시 용산구 서계동,33-159,대,49.6,49.6,,
293,서울특별시 용산구 서계동,263-3,대,93.9,93.9,,
294,서울특별시 용산구 서계동,246-1,대,66.1,66.1,,
295,서울특별시 용산구 서계동,240-8,대,29.8,29.8,,
296,서울특별시 용산구 서계동,244-2,대,57.56,57.56,,
297,서울특별시 용산구 서계동,239-30,대,18,18,,
298,서울특별시 용산구 서계동,240-26,대,100.2,100.2,,
299,서울특별시 용산구 서계동,33-144,대,56.2,56.2,,
300,서울특별시 용산구 서계동,240-49,대,8.2,8.2,,
301,서울특별시 용산구 서계동,33-28,대,210.9,210.9,,
302,서울특별시 용산구 서계동,247-11,대,39.4,39.4,,
303,서울특별시 용산구 서계동,33-231,대,29.79,29.79,,
304,서울특별시 용산구 서계동,247-10,대,23.5,23.5,,
305,서울특별시 용산구 서계동,245-34,대,24.5,24.5,,
306,서울특별시 용산구 서계동,33-20,대,81.3,81.3,,
307,서울특별시 용산구 서계동,247-72,도,4.7,4.7,,
308,서울특별시 용산구 서계동,246-117,도,25.9,25.9,,
309,서울특별시 용산구 서계동,252-70,대,35.3,35.3,,
310,서울특별시 용산구 서계동,33-277,대,190.7,190.7,,
311,서울특별시 용산구 서계동,247-80,도,4.8,4.8,,
312,서울특별시 용산구 서계동,33-276,대,155.7,155.7,,
313,서울특별시 용산구 서계동,33-270,대,13.6,13.6,,
314,서울특별시 용산구 서계동,96-8,대,102.1,102.1,,
315,서울특별시 용산구 서계동,33-198,대,75,75,,
316,서울특별시 용산구 서계동,253-5,대,54.9,54.9,,
317,서울특별시 용산구 서계동,96-9,대,117.4,117.4,,
318,서울특별시 용산구 서계동,257-5,대,73,73,,
319,서울특별시 용산구 서계동,245-35,대,41.6,41.6,,
320,서울특별시 용산구 서계동,248-8,대,23.1,23.1,,
321,서울특별시 용산구 서계동,255-15,대,56.2,56.2,,
322,서울특별시 용산구 서계동,251-43,대,77.7,77.7,,
323,서울특별시 용산구 서계동,252-123,도,65.1,65.1,,
324,서울특별시 용산구 서계동,251-61,대,81.6,81.6,,
325,서울특별시 용산구 서계동,252-19,대,103.81,103.81,,
326,서울특별시 용산구 서계동,33-202,대,200.6,200.6,,
327,서울특별시 용산구 서계동,255-16,대,52.9,52.9,,
328,서울특별시 용산구 서계동,33-155,도,33,33,,
329,서울특별시 용산구 서계동,239-7,대,58.5,58.5,,
330,서울특별시 용산구 서계동,33-100,대,165.3,165.3,,
331,서울특별시 용산구 서계동,240-11,대,102.5,102.5,,
332,서울특별시 용산구 서계동,33-89,대,205,205,,
333,서울특별시 용산구 서계동,240-53,도,17.2,17.2,,
334,서울특별시 용산구 서계동,33-157,대,52.9,52.9,,
335,서울특별시 용산구 서계동,240-35,대,52.9,52.9,,
336,서울특별시 용산구 서계동,240-50,도,16,16,,
337,서울특별시 용산구 서계동,240-9,대,39.7,39.7,,
338,서울특별시 용산구 서계동,33-104,대,66.1,66.1,,
339,서울특별시 용산구 서계동,33-156,대,39.7,39.7,,
340,서울특별시 용산구 서계동,240-28,대,39.18,39.18,,
341,서울특별시 용산구 서계동,239-8,대,66.1,66.1,,
342,서울특별시 용산구 서계동,33-151,대,115.7,115.7,,
343,서울특별시 용산구 서계동,33-145,대,92.6,92.6,,
344,서울특별시 용산구 서계동,33-146,대,89.2,89.2,,
345,서울특별시 용산구 서계동,33-160,대,31,31,,
346,서울특별시 용산구 서계동,240-34,대,56.2,56.2,,
347,서울특별시 용산구 서계동,263-6,대,6.67,6.67,,
348,서울특별시 용산구 서계동,240-12,대,59.5,59.5,,
349,서울특별시 용산구 서계동,33-75,대,59.5,59.5,,
350,서울특별시 용산구 서계동,263-5,대,17.94,17.94,,
351,서울특별시 용산구 서계동,240-57,도,58.5,58.5,,
352,서울특별시 용산구 서계동,244-11,대,220.5,220.5,,
353,서울특별시 용산구 서계동,239-25,대,1,1,,
354,서울특별시 용산구 서계동,240-25,대,64.92,64.92,,
355,서울특별시 용산구 서계동,240-33,대,52.92,52.92,,
356,서울특별시 용산구 서계동,246-97,도,36.6,36.6,,
357,서울특별시 용산구 서계동,96-21,대,19.8,19.8,,
358,서울특별시 용산구 서계동,33-268,대,66.1,66.1,,
359,서울특별시 용산구 서계동,96-6,대,182.82,182.82,,
360,서울특별시 용산구 서계동,247-34,대,61.9,61.9,,
361,서울특별시 용산구 서계동,247-23,대,54.74,54.74,,
362,서울특별시 용산구 서계동,33-197,대,39,39,,
363,서울특별시 용산구 서계동,247-73,도,3.6,3.6,,
364,서울특별시 용산구 서계동,33-271,대,9.6,9.6,,
365,서울특별시 용산구 서계동,247-17,대,49.13,49.13,,
366,서울특별시 용산구 서계동,249-1,대,19.5,19.5,,
367,서울특별시 용산구 서계동,258-13,도,13.2,13.2,,
368,서울특별시 용산구 서계동,249-5,대,52.2,52.2,,
369,서울특별시 용산구 서계동,253-15,대,57.92,57.92,,
370,서울특별시 용산구 서계동,33-27,대,103.5,103.5,,
371,서울특별시 용산구 서계동,253-4,대,22.6,22.6,,
372,서울특별시 용산구 서계동,251-3,대,229.68,229.68,,
373,서울특별시 용산구 서계동,252-73,대,176.8,176.8,,
374,서울특별시 용산구 서계동,33-269,대,63.5,63.5,,
375,서울특별시 용산구 서계동,33-253,대,74.8,74.8,,
376,서울특별시 용산구 서계동,33-275,대,105.1,105.1,,
377,서울특별시 용산구 서계동,248-9,대,8.9,8.9,,
378,서울특별시 용산구 서계동,276-19,구,8.1,8.1,,
379,서울특별시 용산구 서계동,281,도,1562.5,1030.29,,
380,서울특별시 용산구 서계동,33-162,대,86,86,,
381,서울특별시 용산구 서계동,240-68,도,1,1,,
382,서울특별시 용산구 서계동,274,도,69,47.51,,
383,서울특별시 용산구 서계동,263-2,대,184.08,184.08,,
384,서울특별시 용산구 서계동,33-77,도,115.7,115.7,,
385,서울특별시 용산구 서계동,240-30,대,162.36,162.36,,
386,서울특별시 용산구 서계동,240-67,도,1.68,1.68,,
387,서울특별시 용산구 서계동,239-26,대,1,1,,
388,서울특별시 용산구 서계동,239-10,대,16.2,16.2,,
389,서울특별시 용산구 서계동,281-3,도,3.9,3.9,,
390,서울특별시 용산구 서계동,246-3,대,56.2,56.2,,
391,서울특별시 용산구 서계동,33-341,대,9.3,9.3,,
392,서울특별시 용산구 서계동,240-54,대,7.2,7.2,,
393,서울특별시 용산구 서계동,34-6,대,79.3,79.3,,
394,서울특별시 용산구 서계동,33-180,도,16.5,16.5,,
395,서울특별시 용산구 서계동,33-76,대,69.4,69.4,,
396,서울특별시 용산구 서계동,33-105,대,95.9,95.9,,
397,서울특별시 용산구 서계동,263-13,대,26.7,26.7,,
398,서울특별시 용산구 서계동,33-36,대,235,235,,
399,서울특별시 용산구 서계동,33-106,대,69.4,69.4,,
400,서울특별시 용산구 서계동,33-261,대,6.6,6.6,,
401,서울특별시 용산구 서계동,33-148,대,52.92,52.92,,
402,서울특별시 용산구 서계동,33-8,대,169,169,,
403,서울특별시 용산구 서계동,34-4,대,86,86,,
404,서울특별시 용산구 서계동,33-107,대,148.8,148.8,,
405,서울특별시 용산구 서계동,249-6,대,64.1,64.1,,
406,서울특별시 용산구 서계동,248-13,대,38.2,38.2,,
407,서울특별시 용산구 서계동,33-266,대,10.9,10.9,,
408,서울특별시 용산구 서계동,247-74,도,1.5,1.5,,
409,서울특별시 용산구 서계동,247-78,도,2.5,2.5,,
410,서울특별시 용산구 서계동,248-10,대,35.4,35.4,,
411,서울특별시 용산구 서계동,249-2,대,44.3,44.3,,
412,서울특별시 용산구 서계동,247-33,대,123.02,123.02,,
413,서울특별시 용산구 서계동,33-321,대,7.1,7.1,,
414,서울특별시 용산구 서계동,257-14,구,33,33,,
415,서울특별시 용산구 서계동,96-12,대,141.3,141.3,,
416,서울특별시 용산구 서계동,247-77,도,2,2,,
417,서울특별시 용산구 서계동,257-6,대,61.11,61.11,,
418,서울특별시 용산구 서계동,96-26,대,142.29,142.29,,
419,서울특별시 용산구 서계동,251-91,도,20.4,20.4,,
420,서울특별시 용산구 서계동,33-322,대,42.8,42.8,,
421,서울특별시 용산구 서계동,251-1,대,201.1,201.1,,
422,서울특별시 용산구 서계동,247-76,도,0.8,0.8,,
423,서울특별시 용산구 서계동,33-30,대,98.8,98.8,,
424,서울특별시 용산구 서계동,33-283,대,75.7,75.7,,
425,서울특별시 용산구 서계동,33-282,대,36,36,,
426,서울특별시 용산구 서계동,33-285,대,62.5,62.5,,
427,서울특별시 용산구 서계동,33-278,대,33,33,,
428,서울특별시 용산구 서계동,249-11,도,27.81,27.81,,
429,서울특별시 용산구 서계동,115-2,도,100.2,1.06,,
430,서울특별시 용산구 서계동,240-15,대,72.7,72.7,,
431,서울특별시 용산구 서계동,33-109,대,76,76,,
432,서울특별시 용산구 서계동,246-4,대,122.46,122.46,,
433,서울특별시 용산구 서계동,240-24,대,78.6,78.6,,
434,서울특별시 용산구 서계동,240-42,도,13.8,13.8,,
435,서울특별시 용산구 서계동,33-147,대,69.4,69.4,,
436,서울특별시 용산구 서계동,273,도,44.8,44.8,,
437,서울특별시 용산구 서계동,244-4,대,79.3,79.3,,
438,서울특별시 용산구 서계동,240-65,도,23.8,23.8,,
439,서울특별시 용산구 서계동,240-17,대,64.08,64.08,,
440,서울특별시 용산구 서계동,33-114,대,509.73,509.73,,
441,서울특별시 용산구 서계동,264-1,대,0.3,0.3,,
442,서울특별시 용산구 서계동,284,구,142.5,142.5,,
443,서울특별시 용산구 서계동,33-35,대,142.8,142.8,,
444,서울특별시 용산구 서계동,284-1,구,14.5,14.5,,
445,서울특별시 용산구 서계동,264-2,대,16.8,16.8,,
446,서울특별시 용산구 서계동,33-163,도,14.8,14.8,,
447,서울특별시 용산구 서계동,33-130,대,109.1,109.1,,
448,서울특별시 용산구 서계동,244-5,대,128.9,128.9,,
449,서울특별시 용산구 서계동,239-15,대,107.5,107.5,,
450,서울특별시 용산구 서계동,33-38,대,211.64,211.64,,
451,서울특별시 용산구 서계동,263-1,대,30,30,,
452,서울특별시 용산구 서계동,33-127,대,66.1,66.1,,
453,서울특별시 용산구 서계동,240-16,대,50.04,50.04,,
454,서울특별시 용산구 서계동,33-78,대,86,86,,
455,서울특별시 용산구 서계동,249-8,대,65.1,65.1,,
456,서울특별시 용산구 서계동,33-281,대,23.1,23.1,,
457,서울특별시 용산구 서계동,247-24,대,71.1,71.1,,
458,서울특별시 용산구 서계동,33-29,대,141.8,141.8,,
459,서울특별시 용산구 서계동,248-14,대,6.6,6.6,,
460,서울특별시 용산구 서계동,33-248,대,175.5,175.5,,
461,서울특별시 용산구 서계동,248-16,대,2.7,2.7,,
462,서울특별시 용산구 서계동,33-272,대,95.2,95.2,,
463,서울특별시 용산구 서계동,249-3,대,33,33,,
464,서울특별시 용산구 서계동,33-274,대,216.6,216.6,,
465,서울특별시 용산구 서계동,248-17,대,1.9,1.9,,
466,서울특별시 용산구 서계동,257-13,구,31.08,31.08,,
467,서울특별시 용산구 서계동,33-14,대,184.51,184.51,,
468,서울특별시 용산구 서계동,248-20,대,8.5,8.5,,
469,서울특별시 용산구 서계동,248-19,대,2.1,2.1,,
470,서울특별시 용산구 서계동,248-21,대,11.9,11.9,,
471,서울특별시 용산구 서계동,253-7,대,66.1,66.1,,
472,서울특별시 용산구 서계동,96-20,대,142.8,142.8,,
473,서울특별시 용산구 서계동,245-56,대,27.3,17.25,,
474,서울특별시 용산구 서계동,33-323,도,24.5,24.5,,
475,서울특별시 용산구 서계동,96-19,대,148.8,148.8,,
476,서울특별시 용산구 서계동,33-284,대,17.5,17.5,,
477,서울특별시 용산구 서계동,33-62,대,10.94,10.94,,
478,서울특별시 용산구 서계동,251-46,대,84.3,84.3,,
479,서울특별시 용산구 서계동,251-59,대,77.3,77.3,,
480,서울특별시 용산구 서계동,33-204,대,43.8,43.8,,
481,서울특별시 용산구 서계동,108,대,99.2,99.2,,
482,서울특별시 용산구 서계동,252-15,대,211.6,211.6,,
483,서울특별시 용산구 서계동,33-312,도,3.3,3.3,,
484,서울특별시 용산구 서계동,252-14,대,148.12,148.12,,
485,서울특별시 용산구 서계동,252-13,대,68.4,68.4,,
486,서울특별시 용산구 서계동,252-10,대,43,43,,
487,서울특별시 용산구 서계동,255-17,도,2.31,2.31,,
488,서울특별시 용산구 서계동,251-55,대,155.7,155.7,,
489,서울특별시 용산구 서계동,104-2,도,127.9,118.94000000000001,,
490,서울특별시 용산구 서계동,237-50,대,10.3,10.3,,
491,서울특별시 용산구 서계동,237-1,대,1.1,1.1,,
492,서울특별시 용산구 서계동,237-3,대,19.3,19.3,,
493,서울특별시 용산구 서계동,237-53,대,24.5,24.5,,
494,서울특별시 용산구 서계동,237-4,대,73.7,73.7,,
495,서울특별시 용산구 서계동,33-48,대,56.2,56.2,,
496,서울특별시 용산구 서계동,33-125,대,201.6,201.6,,
497,서울특별시 용산구 서계동,282-2,도,1.5,1.5,,
498,서울특별시 용산구 서계동,282-1,도,14.2,14.2,,
499,서울특별시 용산구 서계동,264-4,대,45.32,45.32,,
500,서울특별시 용산구 서계동,33-47,대,62.8,62.8,,
501,서울특별시 용산구 서계동,262-10,도,19.8,19.8,,
502,서울특별시 용산구 서계동,33-37,대,386.8,386.8,,
503,서울특별시 용산구 서계동,33-46,대,66.1,66.1,,
504,서울특별시 용산구 서계동,264-5,대,99.52,99.52,,
505,서울특별시 용산구 서계동,50-1,도,178.8,36.56,,
506,서울특별시 용산구 서계동,240-55,도,0.4,0.4,,
507,서울특별시 용산구 서계동,33-45,대,66.1,66.1,,
508,서울특별시 용산구 서계동,244-6,대,2.2,2.2,,
509,서울특별시 용산구 서계동,244-17,대,4.4,4.4,,
510,서울특별시 용산구 서계동,262-6,대,106.1,106.1,,
511,서울특별시 용산구 서계동,276-13,구,8.2,8.2,,
512,서울특별시 용산구 서계동,276-2,구,302,302,,
513,서울특별시 용산구 서계동,272,도,33.2,33.2,,
514,서울특별시 용산구 서계동,275-2,도,129.9,129.9,,
515,서울특별시 용산구 서계동,239-18,도,45.1,45.1,,
516,서울특별시 용산구 서계동,56-2,도,110.1,59.55,,
517,서울특별시 용산구 서계동,33-31,대,253.9,253.9,,
518,서울특별시 용산구 서계동,96-27,도,9.2,9.2,,
519,서울특별시 용산구 서계동,251-106,도,25.08,25.08,,
520,서울특별시 용산구 서계동,251-12,대,112.6,112.6,,
521,서울특별시 용산구 서계동,251-7,대,4,4,,
522,서울특별시 용산구 서계동,33-279,대,20.8,20.8,,
523,서울특별시 용산구 서계동,33-286,대,8.3,8.3,,
524,서울특별시 용산구 서계동,96-17,대,206,206,,
525,서울특별시 용산구 서계동,258-15,도,43,43,,
526,서울특별시 용산구 서계동,33-289,대,20.8,20.8,,
527,서울특별시 용산구 서계동,247-81,도,2.5,2.5,,
528,서울특별시 용산구 서계동,33-280,대,14.2,14.2,,
529,서울특별시 용산구 서계동,257-37,구,0.5,0.5,,
530,서울특별시 용산구 서계동,249-9,대,65.1,65.1,,
531,서울특별시 용산구 서계동,253-8,대,43.02,43.02,,
532,서울특별시 용산구 서계동,33-287,대,118.32,118.32,,
533,서울특별시 용산구 서계동,33-288,대,37,37,,
534,서울특별시 용산구 서계동,252-35,대,76.7,76.7,,
535,서울특별시 용산구 서계동,96-16,대,137.55,137.55,,
536,서울특별시 용산구 서계동,251-9,대,38,38,,
537,서울특별시 용산구 서계동,237-47,대,125.6,125.6,,
538,서울특별시 용산구 서계동,237-25,대,119,119,,
539,서울특별시 용산구 서계동,237-21,대,186,186,,
540,서울특별시 용산구 서계동,240-66,도,6.8,6.8,,
541,서울특별시 용산구 서계동,239-13,대,40.9,40.9,,
542,서울특별시 용산구 서계동,246-125,도,29.9,29.9,,
543,서울특별시 용산구 서계동,246-55,대,137.43,137.43,,
544,서울특별시 용산구 서계동,246-126,대,1,1,,
545,서울특별시 용산구 서계동,262-3,대,360.32,360.32,,
546,서울특별시 용산구 서계동,275-1,도,56.3,56.3,,
547,서울특별시 용산구 서계동,33-122,대,33,33,,
548,서울특별시 용산구 서계동,33-85,대,66.08,66.08,,
549,서울특별시 용산구 서계동,244-22,도,5.9,5.9,,
550,서울특별시 용산구 서계동,262-7,도,6.3,6.3,,
551,서울특별시 용산구 서계동,276-3,구,5.3,5.3,,
552,서울특별시 용산구 서계동,33-84,대,69.4,69.4,,
553,서울특별시 용산구 서계동,33-79,도,13.2,13.2,,
554,서울특별시 용산구 서계동,33-214,대,11.6,11.6,,
555,서울특별시 용산구 서계동,33-213,대,74.7,74.7,,
556,서울특별시 용산구 서계동,246-102,대,5,5,,
557,서울특별시 용산구 서계동,276-14,구,5,5,,
558,서울특별시 용산구 서계동,246-49,대,61.1,61.1,,
559,서울특별시 용산구 서계동,246-38,대,106.38,106.38,,
560,서울특별시 용산구 서계동,33-83,대,115.7,115.7,,
561,서울특별시 용산구 서계동,246-101,도,11.3,11.3,,
562,서울특별시 용산구 서계동,33-43,대,132.2,132.2,,
563,서울특별시 용산구 서계동,246-53,대,78.39,78.39,,
564,서울특별시 용산구 서계동,276-22,도,1.1,1.1,,
565,서울특별시 용산구 서계동,33-39,대,75.7,75.7,,
566,서울특별시 용산구 서계동,277-2,도,20.2,20.2,,
567,서울특별시 용산구 서계동,96-24,대,220.68,220.68,,
568,서울특별시 용산구 서계동,276-7,구,163,163,,
569,서울특별시 용산구 서계동,96-13,대,120.6,120.6,,
570,서울특별시 용산구 서계동,250-2,대,58.5,58.5,,
571,서울특별시 용산구 서계동,96-28,도,1.3,1.3,,
572,서울특별시 용산구 서계동,252-33,도,23.1,23.1,,
573,서울특별시 용산구 서계동,33-72,대,6.6,6.6,,
574,서울특별시 용산구 서계동,253-9,대,91.17,91.17,,
575,서울특별시 용산구 서계동,96-14,대,272.7,272.7,,
576,서울특별시 용산구 서계동,251-10,대,56.2,56.2,,
577,서울특별시 용산구 서계동,33-290,대,23.01,23.01,,
578,서울특별시 용산구 서계동,250-3,대,113,113,,
579,서울특별시 용산구 서계동,251-14,대,49.6,49.6,,
580,서울특별시 용산구 서계동,33-295,대,15.5,15.5,,
581,서울특별시 용산구 서계동,33-291,대,66.81,66.81,,
582,서울특별시 용산구 서계동,33-73,도,6.6,6.6,,
583,서울특별시 용산구 서계동,33-324,대,166.85,166.85,,
584,서울특별시 용산구 서계동,33-233,대,109.1,109.1,,
585,서울특별시 용산구 서계동,249-10,대,9.9,9.9,,
586,서울특별시 용산구 서계동,249-13,도,7.6,7.6,,
587,서울특별시 용산구 서계동,252-77,대,36.4,36.4,,
588,서울특별시 용산구 서계동,253-33,도,15.2,15.2,,
589,서울특별시 용산구 서계동,251-107,도,47.28,47.28,,
590,서울특별시 용산구 서계동,237-14,대,115,115,,
591,서울특별시 용산구 서계동,237-45,대,134.5,134.5,,
592,서울특별시 용산구 서계동,237-6,대,87.3,87.3,,
593,서울특별시 용산구 서계동,237-11,대,5.6,5.6,,
594,서울특별시 용산구 서계동,238-53,대,94.9,94.9,,
595,서울특별시 용산구 서계동,237-13,대,15.9,15.9,,
596,서울특별시 용산구 서계동,238-70,대,22.8,22.8,,
597,서울특별시 용산구 서계동,245-69,도,1.5,1.5,,
598,서울특별시 용산구 서계동,276-21,도,7.2,7.2,,
599,서울특별시 용산구 서계동,245-30,대,33.7,33.7,,
600,서울특별시 용산구 서계동,246-50,대,26.4,26.4,,
601,서울특별시 용산구 서계동,276-10,구,6.6,6.6,,
602,서울특별시 용산구 서계동,33-80,대,23.1,23.1,,
603,서울특별시 용산구 서계동,245-25,대,76.1,76.1,,
604,서울특별시 용산구 서계동,271,구,33,33,,
605,서울특별시 용산구 서계동,54-4,대,92.8,11.57,,
606,서울특별시 용산구 서계동,247-1,대,198.3,198.3,,
607,서울특별시 용산구 서계동,276,구,1.4,1.4,,
608,서울특별시 용산구 서계동,245-23,대,87.92,87.92,,
609,서울특별시 용산구 서계동,33-65,대,19.8,19.8,,
610,서울특별시 용산구 서계동,33-60,대,23.1,23.1,,
611,서울특별시 용산구 서계동,50-6,도,61.8,61.8,,
612,서울특별시 용산구 서계동,276-16,구,54.1,54.1,,
613,서울특별시 용산구 서계동,247-2,대,142.1,142.1,,
614,서울특별시 용산구 서계동,245-70,대,1.2,1.2,,
615,서울특별시 용산구 서계동,245-72,도,1.5,1.5,,
616,서울특별시 용산구 서계동,245-27,대,86.32,86.32,,
617,서울특별시 용산구 서계동,33-64,대,83.02,83.02,,
618,서울특별시 용산구 서계동,245-46,대,5.3,5.3,,
619,서울특별시 용산구 서계동,258-11,도,26.4,26.4,,
620,서울특별시 용산구 서계동,33-217,대,46.3,46.3,,
621,서울특별시 용산구 서계동,262-2,대,102.52,102.52,,
622,서울특별시 용산구 서계동,54-13,도,42.5,42.5,,
623,서울특별시 용산구 서계동,245-2,대,71.3,71.3,,
624,서울특별시 용산구 서계동,252-47,도,210.6,210.6,,
625,서울특별시 용산구 서계동,254-1,대,43.7,43.7,,
626,서울특별시 용산구 서계동,33-234,대,81.6,81.6,,
627,서울특별시 용산구 서계동,251-15,대,62.8,62.8,,
628,서울특별시 용산구 서계동,250-7,대,65.1,65.1,,
629,서울특별시 용산구 서계동,253-11,대,4.41,4.41,,
630,서울특별시 용산구 서계동,33-292,대,19.8,19.8,,
631,서울특별시 용산구 서계동,252-78,대,48.12,48.12,,
632,서울특별시 용산구 서계동,33-10,대,234.69,234.69,,
633,서울특별시 용산구 서계동,33-293,대,40.3,40.3,,
634,서울특별시 용산구 서계동,250-8,대,67.41,67.41,,
635,서울특별시 용산구 서계동,252-31,대,50.9,50.9,,
636,서울특별시 용산구 서계동,252-1,대,99.8,99.8,,
637,서울특별시 용산구 서계동,276-8,구,34.3,34.3,,
638,서울특별시 용산구 서계동,33-235,대,78.3,78.3,,
639,서울특별시 용산구 서계동,257-10,대,43.9,43.9,,
640,서울특별시 용산구 서계동,250-6,대,43.3,43.3,,
641,서울특별시 용산구 서계동,251-96,도,9.72,9.72,,
642,서울특별시 용산구 서계동,246-96,도,15.7,15.7,,
643,서울특별시 용산구 서계동,237-15,대,41.6,41.6,,
644,서울특별시 용산구 서계동,237-16,대,122.3,122.3,,
645,서울특별시 용산구 서계동,237-7,대,119,119,,
646,서울특별시 용산구 서계동,238-51,대,169.9,169.9,,
647,서울특별시 용산구 서계동,238-66,대,21.2,21.2,,
648,서울특별시 용산구 서계동,237-10,대,59.5,59.5,,
649,서울특별시 용산구 서계동,54-10,도,123.5,123.5,,
650,서울특별시 용산구 서계동,264-9,대,68.8,68.8,,
651,서울특별시 용산구 서계동,33-216,대,120.51,120.51,,
652,서울특별시 용산구 서계동,246-52,대,68.1,68.1,,
653,서울특별시 용산구 서계동,53-24,대,332.2,332.2,,
654,서울특별시 용산구 서계동,246-7,대,111.8,111.8,,
655,서울특별시 용산구 서계동,33-170,대,43,43,,
656,서울특별시 용산구 서계동,54-1,대,6,6,,
657,서울특별시 용산구 서계동,54-11,대,235.98,235.98,,
658,서울특별시 용산구 서계동,33-41,대,106.8,106.8,,
659,서울특별시 용산구 서계동,33-176,도,416.5,416.5,,
660,서울특별시 용산구 서계동,33-55,대,52.89,52.89,,
661,서울특별시 용산구 서계동,53-2,대,106.8,106.8,,
662,서울특별시 용산구 서계동,33-53,대,99.18,99.18,,
663,서울특별시 용산구 서계동,54-8,대,196.6,196.6,,
664,서울특별시 용산구 서계동,245-47,도,4.7,4.7,,
665,서울특별시 용산구 서계동,33-52,대,46.3,46.3,,
666,서울특별시 용산구 서계동,33-66,대,26.8,26.8,,
667,서울특별시 용산구 서계동,245-7,대,111.51,111.51,,
668,서울특별시 용산구 서계동,33-51,대,56.2,56.2,,
669,서울특별시 용산구 서계동,246-42,대,90.91,90.91,,
670,서울특별시 용산구 서계동,33-63,대,66.1,66.1,,
671,서울특별시 용산구 서계동,54-5,대,183.54,183.54,,
672,서울특별시 용산구 서계동,33-222,대,19.8,19.8,,
673,서울특별시 용산구 서계동,33-221,대,86,86,,
674,서울특별시 용산구 서계동,33-346,도,146.9,146.9,,
675,서울특별시 용산구 서계동,33-236,대,53.9,53.9,,
676,서울특별시 용산구 서계동,33-237,대,59.5,59.5,,
677,서울특별시 용산구 서계동,254-10,대,6.9,6.9,,
678,서울특별시 용산구 서계동,246-121,도,2.2,2.2,,
679,서울특별시 용산구 서계동,251-101,도,12.6,12.6,,
680,서울특별시 용산구 서계동,252-79,대,37.56,37.56,,
681,서울특별시 용산구 서계동,250-4,대,60.2,60.2,,
682,서울특별시 용산구 서계동,257-39,도,2.4,2.4,,
683,서울특별시 용산구 서계동,253-10,대,11.52,11.52,,
684,서울특별시 용산구 서계동,33-13,대,208,208,,
685,서울특별시 용산구 서계동,252-30,대,47.6,47.6,,
686,서울특별시 용산구 서계동,251-16,대,47.8,47.8,,
687,서울특별시 용산구 서계동,252-39,대,86.3,86.3,,
688,서울특별시 용산구 서계동,33-294,대,52.6,52.6,,
689,서울특별시 용산구 서계동,253-26,도,1.1,1.1,,
690,서울특별시 용산구 서계동,257-11,대,56.2,56.2,,
691,서울특별시 용산구 서계동,251-19,대,24.1,24.1,,
692,서울특별시 용산구 서계동,251-86,대,35.3,35.3,,
693,서울특별시 용산구 서계동,251-24,대,13.2,13.2,,
694,서울특별시 용산구 서계동,251-99,도,14.1,14.1,,
695,서울특별시 용산구 서계동,237-9,대,195,195,,
696,서울특별시 용산구 서계동,238-2,대,632.3,632.3,,
697,서울특별시 용산구 서계동,238-68,대,11.6,11.6,,
698,서울특별시 용산구 서계동,238-49,대,142.1,142.1,,
699,서울특별시 용산구 서계동,238-48,대,191.7,191.7,,
700,서울특별시 용산구 서계동,238-1,대,330.1,330.1,,
701,서울특별시 용산구 서계동,245-67,도,20.1,20.1,,
702,서울특별시 용산구 서계동,246-124,도,1.3,1.3,,
703,서울특별시 용산구 서계동,245-4,대,56.5,56.5,,
704,서울특별시 용산구 서계동,33-220,대,72.7,72.7,,
705,서울특별시 용산구 서계동,56-3,도,88.3,88.3,,
706,서울특별시 용산구 서계동,245-3,대,35.6,35.6,,
707,서울특별시 용산구 서계동,245-22,대,77.1,77.1,,
708,서울특별시 용산구 서계동,264-6,대,69.4,69.4,,
709,서울특별시 용산구 서계동,33-258,대,183.68,183.68,,
710,서울특별시 용산구 서계동,33-311,도,5.8,5.8,,
711,서울특별시 용산구 서계동,264-10,대,75.4,75.4,,
712,서울특별시 용산구 서계동,246-33,대,55.5,55.5,,
713,서울특별시 용산구 서계동,258-3,대,43,43,,
714,서울특별시 용산구 서계동,33-259,대,135.54,135.54,,
715,서울특별시 용산구 서계동,95-2,대,81,81,,
716,서울특별시 용산구 서계동,95-4,대,101.8,101.8,,
717,서울특별시 용산구 서계동,33-171,대,62.8,62.8,,
718,서울특별시 용산구 서계동,246-32,대,110.22,110.22,,
719,서울특별시 용산구 서계동,95-6,대,89.48,89.48,,
720,서울특별시 용산구 서계동,265-3,도,321.2,0.24000000000000002,,
721,서울특별시 용산구 서계동,245-59,도,7.5,7.5,,
722,서울특별시 용산구 서계동,251-20,대,31.8,31.8,,
723,서울특별시 용산구 서계동,250-10,대,51.6,51.6,,
724,서울특별시 용산구 서계동,251-27,대,49.6,49.6,,
725,서울특별시 용산구 서계동,252-29,대,51.9,51.9,,
726,서울특별시 용산구 서계동,33-12,대,218.2,218.2,,
727,서울특별시 용산구 서계동,252-81,대,45.52,45.52,,
728,서울특별시 용산구 서계동,254-4,대,59.5,59.5,,
729,서울특별시 용산구 서계동,251-87,대,21.9,21.9,,
730,서울특별시 용산구 서계동,250-13,대,61.8,61.8,,
731,서울특별시 용산구 서계동,251-88,대,16.7,16.7,,
732,서울특별시 용산구 서계동,256-1,도,31.9,1.84,,
733,서울특별시 용산구 서계동,254-3,대,56.2,56.2,,
734,서울특별시 용산구 서계동,251-77,도,677.7,485.14,,
735,서울특별시 용산구 서계동,252-41,대,76.7,76.7,,
736,서울특별시 용산구 서계동,250-11,대,44.31,44.31,,
737,서울특별시 용산구 서계동,33-5,대,327.32,327.32,,
738,서울특별시 용산구 서계동,252-83,대,54.99,54.99,,
739,서울특별시 용산구 서계동,238-52,대,165.3,165.3,,
740,서울특별시 용산구 서계동,238-35,대,124,124,,
741,서울특별시 용산구 서계동,238-38,대,66.1,66.1,,
742,서울특별시 용산구 서계동,243-7,대,42.4,42.4,,
743,서울특별시 용산구 서계동,238-43,대,59.5,59.5,,
744,서울특별시 용산구 서계동,251-103,도,9.18,9.18,,
745,서울특별시 용산구 서계동,33-169,대,29.8,29.8,,
746,서울특별시 용산구 서계동,245-29,도,15.7,15.7,,
747,서울특별시 용산구 서계동,53-10,대,123.3,123.3,,
748,서울특별시 용산구 서계동,33-168,대,36.4,36.4,,
749,서울특별시 용산구 서계동,258-10,대,99.1,99.1,,
750,서울특별시 용산구 서계동,33-34,대,267.97,267.97,,
751,서울특별시 용산구 서계동,245-58,도,0.4,0.4,,
752,서울특별시 용산구 서계동,245-53,대,29.4,29.4,,
753,서울특별시 용산구 서계동,33-167,대,29.8,29.8,,
754,서울특별시 용산구 서계동,251-104,도,30.12,30.12,,
755,서울특별시 용산구 서계동,95-30,도,9.8,9.8,,
756,서울특별시 용산구 서계동,33-166,대,36.4,36.4,,
757,서울특별시 용산구 서계동,245-60,도,5.3,5.3,,
758,서울특별시 용산구 서계동,246-47,대,62.14,62.14,,
759,서울특별시 용산구 서계동,245-49,도,2.9,2.9,,
760,서울특별시 용산구 서계동,276-17,구,36,36,,
761,서울특별시 용산구 서계동,248-1,대,46.3,46.3,,
762,서울특별시 용산구 서계동,33-165,대,46.3,46.3,,
763,서울특별시 용산구 서계동,261-12,대,108.9,108.9,,
764,서울특별시 용산구 서계동,33-164,대,39.7,39.7,,
765,서울특별시 용산구 서계동,246-8,대,56.7,56.7,,
766,서울특별시 용산구 서계동,33-223,대,121.3,121.3,,
767,서울특별시 용산구 서계동,245-45,도,2,2,,
768,서울특별시 용산구 서계동,33-224,대,109.1,109.1,,
769,서울특별시 용산구 서계동,245-10,대,72,72,,
770,서울특별시 용산구 서계동,261-13,대,96.2,96.2,,
771,서울특별시 용산구 서계동,264-13,대,1.02,1.02,,
772,서울특별시 용산구 서계동,264-12,대,79.3,79.3,,
773,서울특별시 용산구 서계동,251-28,대,81.6,81.6,,
774,서울특별시 용산구 서계동,251-98,도,256.08,256.08,,
775,서울특별시 용산구 서계동,251-26,대,20.2,20.2,,
776,서울특별시 용산구 서계동,251-22,대,10.8,10.8,,
777,서울특별시 용산구 서계동,251-75,대,70.4,70.4,,
778,서울특별시 용산구 서계동,251-23,대,6.8,6.8,,
779,서울특별시 용산구 서계동,255-18,대,82.3,82.3,,
780,서울특별시 용산구 서계동,252-4,대,61.8,61.8,,
781,서울특별시 용산구 서계동,33-11,대,89.2,89.2,,
782,서울특별시 용산구 서계동,255-11,대,66.1,66.1,,
783,서울특별시 용산구 서계동,251-72,대,2.6,2.6,,
784,서울특별시 용산구 서계동,256-9,대,0.8,0.8,,
785,서울특별시 용산구 서계동,250-14,대,50.9,50.9,,
786,서울특별시 용산구 서계동,251-74,대,30.1,30.1,,
787,서울특별시 용산구 서계동,252-116,대,3.8,3.8,,
788,서울특별시 용산구 서계동,252-42,대,85.4,85.4,,
789,서울특별시 용산구 서계동,33-333,도,39.7,39.7,,
790,서울특별시 용산구 서계동,251-70,대,88.2,88.2,,
791,서울특별시 용산구 서계동,256-3,도,6,1.57,,
792,서울특별시 용산구 서계동,238-39,대,76,76,,
793,서울특별시 용산구 서계동,242-31,도,333.9,333.9,,
794,서울특별시 용산구 서계동,238-45,대,48.4,48.4,,
795,서울특별시 용산구 서계동,238-36,대,76,76,,
796,서울특별시 용산구 서계동,238-19,대,109.1,109.1,,
797,서울특별시 용산구 서계동,238-61,대,16.5,16.5,,
798,서울특별시 용산구 서계동,238-18,대,95.9,95.9,,
799,서울특별시 용산구 서계동,238-11,대,62.8,62.8,,
800,서울특별시 용산구 서계동,241-1,대,56.1,56.1,,
801,서울특별시 용산구 서계동,238-57,도,26.4,26.4,,
802,서울특별시 용산구 서계동,243-9,대,33,33,,
803,서울특별시 용산구 서계동,238-40,대,69.4,69.4,,
804,서울특별시 용산구 서계동,238-56,도,39.7,11.49,,
805,서울특별시 용산구 서계동,238-44,대,24.1,24.1,,
806,서울특별시 용산구 서계동,238-3,대,56.7,56.7,,
807,서울특별시 용산구 서계동,241-2,대,53,53,,
808,서울특별시 용산구 서계동,243-13,대,98.8,98.8,,
809,서울특별시 용산구 서계동,241-10,대,76,76,,
810,서울특별시 용산구 서계동,238-5,대,79.5,79.5,,
811,서울특별시 용산구 서계동,238-20,대,16.5,16.5,,
812,서울특별시 용산구 서계동,246-27,대,51.6,51.6,,
813,서울특별시 용산구 서계동,246-83,대,12.09,12.09,,
814,서울특별시 용산구 서계동,245-50,도,7.6,7.6,,
815,서울특별시 용산구 서계동,54-9,대,157.32,157.32,,
816,서울특별시 용산구 서계동,245-44,도,7.1,7.1,,
817,서울특별시 용산구 서계동,247-5,대,152.1,152.1,,
818,서울특별시 용산구 서계동,95-10,대,29.8,29.8,,
819,서울특별시 용산구 서계동,246-29,대,44.7,44.7,,
820,서울특별시 용산구 서계동,33-33,대,181.8,181.8,,
821,서울특별시 용산구 서계동,33-172,대,29.8,29.8,,
822,서울특별시 용산구 서계동,53-15,대,129.21,129.21,,
823,서울특별시 용산구 서계동,33-173,대,36.4,36.4,,
824,서울특별시 용산구 서계동,245-55,도,121.2,110.56,,
825,서울특별시 용산구 서계동,247-44,대,177.8,177.8,,
826,서울특별시 용산구 서계동,95-9,대,39.7,39.7,,
827,서울특별시 용산구 서계동,33-174,대,23.1,23.1,,
828,서울특별시 용산구 서계동,245-11,대,96.11,96.11,,
829,서울특별시 용산구 서계동,95-7,대,103.8,103.8,,
830,서울특별시 용산구 서계동,33-175,대,46.3,46.3,,
831,서울특별시 용산구 서계동,252-50,대,91.8,91.8,,
832,서울특별시 용산구 서계동,95-11,대,35.1,35.1,,
833,서울특별시 용산구 서계동,245-15,대,30.8,30.8,,
834,서울특별시 용산구 서계동,33-32,대,158.64,158.64,,
835,서울특별시 용산구 서계동,246-106,대,12.4,12.4,,
836,서울특별시 용산구 서계동,246-12,대,62.8,62.8,,
837,서울특별시 용산구 서계동,245-51,도,3,3,,
838,서울특별시 용산구 서계동,33-313,대,163.4,163.4,,
839,서울특별시 용산구 서계동,33-359,대,12.1,12.1,,
840,서울특별시 용산구 서계동,246-45,대,100.9,100.9,,
841,서울특별시 용산구 서계동,107-1,대,81,81,,
842,서울특별시 용산구 서계동,107-5,대,56.1,56.1,,
843,서울특별시 용산구 서계동,33-69,도,26.4,26.4,,
844,서울특별시 용산구 서계동,33-49,대,353.7,353.7,,
845,서울특별시 용산구 서계동,33-252,대,102.2,102.2,,
846,서울특별시 용산구 서계동,33-250,대,70.1,70.1,,
847,서울특별시 용산구 서계동,33-264,대,74.4,74.4,,
848,서울특별시 용산구 서계동,33-265,대,68.1,68.1,,
849,서울특별시 용산구 서계동,33-352,대,13.2,13.2,,
850,서울특별시 용산구 서계동,33-353,대,10,10,,
851,서울특별시 용산구 서계동,237-2,대,1.3,1.3,,
852,서울특별시 용산구 서계동,237-52,대,59.4,59.4,,
853,서울특별시 용산구 서계동,237-49,도,8.6,8.6,,
854,서울특별시 용산구 서계동,238-47,대,183,183,,
855,서울특별시 용산구 서계동,238-69,대,6.6,6.6,,
856,서울특별시 용산구 서계동,238-37,대,95.9,95.9,,
857,서울특별시 용산구 서계동,238-42,대,52.9,52.9,,
858,서울특별시 용산구 서계동,238-10,대,102.5,102.5,,
859,서울특별시 용산구 서계동,238-34,대,95.9,95.9,,
860,서울특별시 용산구 서계동,238-86,도,70.3,70.3,,
861,서울특별시 용산구 서계동,238-17,대,69.4,69.4,,
862,서울특별시 용산구 서계동,238-4,대,43.2,43.2,,
863,서울특별시 용산구 서계동,238-31,대,13.2,13.2,,
864,서울특별시 용산구 서계동,238-8,대,72.1,72.1,,
865,서울특별시 용산구 서계동,238-59,대,18.9,18.9,,
866,서울특별시 용산구 서계동,238-14,대,82.1,82.1,,
867,서울특별시 용산구 서계동,238-23,대,97.9,97.9,,
868,서울특별시 용산구 서계동,238-28,대,32.4,32.4,,
869,서울특별시 용산구 서계동,239-2,대,159.81,159.81,,
870,서울특별시 용산구 서계동,239-6,대,20.7,20.7,,
871,서울특별시 용산구 서계동,239-9,대,338,338,,
872,서울특별시 용산구 서계동,243-15,대,300.2,300.2,,
873,서울특별시 용산구 서계동,243-12,대,20.5,20.5,,
874,서울특별시 용산구 서계동,241-8,대,22,22,,
875,서울특별시 용산구 서계동,241-5,대,57.69,57.69,,
876,서울특별시 용산구 서계동,240-1,대,15.7,15.7,,
877,서울특별시 용산구 서계동,243-32,대,26.4,26.4,,
878,서울특별시 용산구 서계동,242-10,대,132.2,132.2,,
879,서울특별시 용산구 서계동,243-28,대,22.1,22.1,,
880,서울특별시 용산구 서계동,242-4,대,86,86,,
881,서울특별시 용산구 서계동,242-26,대,82,82,,
882,서울특별시 용산구 서계동,240-47,대,35.7,35.7,,
883,서울특별시 용산구 서계동,242-30,대,33.4,33.4,,
884,서울특별시 용산구 서계동,240-39,대,72.7,72.7,,
885,서울특별시 용산구 서계동,239-23,대,22.4,22.4,,
886,서울특별시 용산구 서계동,242-19,대,11.5,11.5,,
887,서울특별시 용산구 서계동,239-29,대,5.7,5.7,,
888,서울특별시 용산구 서계동,240-48,도,13.6,13.6,,
889,서울특별시 용산구 서계동,240-27,도,29.4,29.4,,
890,서울특별시 용산구 서계동,242-13,대,52.92,52.92,,
891,서울특별시 용산구 서계동,240-5,대,30,30,,
892,서울특별시 용산구 서계동,240-10,대,62.8,62.8,,
893,서울특별시 용산구 서계동,240-36,대,66.1,66.1,,
894,서울특별시 용산구 서계동,244-14,대,64.5,64.5,,
895,서울특별시 용산구 서계동,246-2,대,76,76,,
896,서울특별시 용산구 서계동,240-52,도,27.3,27.3,,
897,서울특별시 용산구 서계동,240-64,도,42.4,42.4,,
898,서울특별시 용산구 서계동,240-31,대,75.2,75.2,,
899,서울특별시 용산구 서계동,240-69,대,1,1,,
900,서울특별시 용산구 서계동,240-22,대,192.6,192.6,,
901,서울특별시 용산구 서계동,244-3,대,46.3,46.3,,
902,서울특별시 용산구 서계동,240-62,도,23.9,23.9,,
903,서울특별시 용산구 서계동,240-18,대,65.5,65.5,,
904,서울특별시 용산구 서계동,244-7,대,34,34,,
905,서울특별시 용산구 서계동,239-16,도,6.6,6.6,,
906,서울특별시 용산구 서계동,246-41,대,124.56,124.56,,
907,서울특별시 용산구 서계동,245-28,대,74.6,74.6,,
908,서울특별시 용산구 서계동,245-24,대,44.12,44.12,,
909,서울특별시 용산구 서계동,245-1,대,65.65,65.65,,
910,서울특별시 용산구 서계동,245-68,도,13.2,13.2,,
911,서울특별시 용산구 서계동,246-130,대,97.11,97.11,,
912,서울특별시 용산구 서계동,245-73,도,3.6,3.6,,
913,서울특별시 용산구 서계동,246-123,도,2.9,2.9,,
914,서울특별시 용산구 서계동,246-51,대,23.1,23.1,,
915,서울특별시 용산구 서계동,246-34,대,129.24,129.24,,
916,서울특별시 용산구 서계동,246-44,대,55.7,55.7,,
917,서울특별시 용산구 서계동,246-48,대,144.82,144.82,,
918,서울특별시 용산구 서계동,247-45,대,221.94,221.94,,
919,서울특별시 용산구 서계동,245-48,도,4.1,4.1,,
920,서울특별시 용산구 서계동,245-8,대,78.4,78.4,,
921,서울특별시 용산구 서계동,247-4,대,66.1,66.1,,
922,서울특별시 용산구 서계동,245-57,도,9.6,9.6,,
923,서울특별시 용산구 서계동,245-61,도,5.3,5.3,,
924,서울특별시 용산구 서계동,246-9,대,79.8,79.8,,
925,서울특별시 용산구 서계동,245-52,도,0.8,0.8,,
926,서울특별시 용산구 서계동,245-21,대,94.3,94.3,,
927,서울특별시 용산구 서계동,245-14,대,16.5,16.5,,
928,서울특별시 용산구 서계동,246-30,대,63,63,,
929,서울특별시 용산구 서계동,245-66,도,2.3,2.3,,
930,서울특별시 용산구 서계동,245-42,도,1.9,1.9,,
931,서울특별시 용산구 서계동,247-43,대,65.1,65.1,,
932,서울특별시 용산구 서계동,246-13,대,149.35,149.35,,
933,서울특별시 용산구 서계동,245-39,도,4.9,4.9,,
934,서울특별시 용산구 서계동,246-20,대,24.3,24.3,,
935,서울특별시 용산구 서계동,245-17,대,53.9,53.9,,
936,서울특별시 용산구 서계동,245-33,대,52.9,52.9,,
937,서울특별시 용산구 서계동,247-39,대,83.6,83.6,,
938,서울특별시 용산구 서계동,246-120,대,1.44,1.44,,
939,서울특별시 용산구 서계동,248-7,대,58.5,58.5,,
940,서울특별시 용산구 서계동,247-37,대,30.2,30.2,,
941,서울특별시 용산구 서계동,247-19,대,40.12,40.12,,
942,서울특별시 용산구 서계동,247-14,대,78.6,78.6,,
943,서울특별시 용산구 서계동,247-79,도,5,5,,
944,서울특별시 용산구 서계동,248-15,대,27.1,27.1,,
945,서울특별시 용산구 서계동,247-75,도,2.5,2.5,,
946,서울특별시 용산구 서계동,249-4,대,52.6,52.6,,
947,서울특별시 용산구 서계동,245-36,대,36.4,36.4,,
948,서울특별시 용산구 서계동,249-7,대,126.3,126.3,,
949,서울특별시 용산구 서계동,248-18,도,9.21,9.21,,
950,서울특별시 용산구 서계동,248-22,대,1.4,1.4,,
951,서울특별시 용산구 서계동,247-28,대,81.72,81.72,,
952,서울특별시 용산구 서계동,246-118,도,3.9,3.9,,
953,서울특별시 용산구 서계동,250-1,대,60.8,60.8,,
954,서울특별시 용산구 서계동,247-82,도,0.7,0.7,,
955,서울특별시 용산구 서계동,249-14,도,63.8,63.8,,
956,서울특별시 용산구 서계동,263-4,대,101.2,101.2,,
957,서울특별시 용산구 서계동,263-8,대,6.3,6.3,,
958,서울특별시 용산구 서계동,262-9,도,2,2,,
959,서울특별시 용산구 서계동,258-1,대,89.2,89.2,,
960,서울특별시 용산구 서계동,262-4,대,3.7,3.7,,
961,서울특별시 용산구 서계동,262-1,대,46.3,46.3,,
962,서울특별시 용산구 서계동,251-78,도,20.1,20.1,,
963,서울특별시 용산구 서계동,258-9,대,44.4,44.4,,
964,서울특별시 용산구 서계동,261-22,대,49.6,49.6,,
965,서울특별시 용산구 서계동,252-51,대,57.5,57.5,,
966,서울특별시 용산구 서계동,260-38,대,459.5,206.19,,
967,서울특별시 용산구 서계동,251-105,도,4.92,4.92,,
968,서울특별시 용산구 서계동,257-19,구,7.2,7.2,,
969,서울특별시 용산구 서계동,257-33,구,0.5,0.5,,
970,서울특별시 용산구 서계동,252-59,대,44.4,44.4,,
971,서울특별시 용산구 서계동,257-18,구,26.4,26.4,,
972,서울특별시 용산구 서계동,252-130,도,1.3,1.3,,
973,서울특별시 용산구 서계동,252-56,대,74.72,74.72,,
974,서울특별시 용산구 서계동,253-18,도,133.2,133.2,,
975,서울특별시 용산구 서계동,252-69,대,61.5,61.5,,
976,서울특별시 용산구 서계동,257-4,대,49.9,49.9,,
977,서울특별시 용산구 서계동,258-12,도,9.9,9.9,,
978,서울특별시 용산구 서계동,252-64,대,67.72,67.72,,
979,서울특별시 용산구 서계동,261-3,대,112.4,112.4,,
980,서울특별시 용산구 서계동,252-98,도,71,71,,
981,서울특별시 용산구 서계동,251-95,도,31.98,31.98,,
982,서울특별시 용산구 서계동,253-6,대,107.52,107.52,,
983,서울특별시 용산구 서계동,258-14,도,43,43,,
984,서울특별시 용산구 서계동,253-14,대,67.6,67.6,,
985,서울특별시 용산구 서계동,251-6,대,14.7,14.7,,
986,서울특별시 용산구 서계동,257-7,대,70.56,70.56,,
987,서울특별시 용산구 서계동,251-11,대,82.65,82.65,,
988,서울특별시 용산구 서계동,252-76,대,57,57,,
989,서울특별시 용산구 서계동,257-9,대,83.9,83.9,,
990,서울특별시 용산구 서계동,252-37,대,122.3,122.3,,
991,서울특별시 용산구 서계동,257-38,도,5.6,5.6,,
992,서울특별시 용산구 서계동,252-32,대,41,41,,
993,서울특별시 용산구 서계동,251-110,도,28.68,28.68,,
994,서울특별시 용산구 서계동,250-9,대,88,88,,
995,서울특별시 용산구 서계동,251-89,대,42,42,,
996,서울특별시 용산구 서계동,254-5,대,59.2,59.2,,
997,서울특별시 용산구 서계동,254-2,대,57.4,57.4,,
998,서울특별시 용산구 서계동,250-5,도,20.82,20.82,,
999,서울특별시 용산구 서계동,251-100,도,1.8,1.8,,
1000,서울특별시 용산구 서계동,251-85,대,44.2,44.2,,
1001,서울특별시 용산구 서계동,252-80,대,35.52,35.52,,
1002,서울특별시 용산구 서계동,250-12,대,44.3,44.3,,
1003,서울특별시 용산구 서계동,251-25,대,60.2,60.2,,
1004,서울특별시 용산구 서계동,251-21,대,24.2,24.2,,
1005,서울특별시 용산구 서계동,252-110,도,38,38,,
1006,서울특별시 용산구 서계동,252-28,대,58.5,58.5,,
1007,서울특별시 용산구 서계동,251-32,대,122.9,122.9,,
1008,서울특별시 용산구 서계동,251-73,대,1.4,1.4,,
1009,서울특별시 용산구 서계동,255-10,대,68.04,68.04,,
1010,서울특별시 용산구 서계동,251-37,대,127.3,127.3,,
1011,서울특별시 용산구 서계동,256-8,도,107.2,9.77,,
1012,서울특별시 용산구 서계동,256-4,대,23,23,,
1013,서울특별시 용산구 서계동,251-69,대,70.4,70.4,,
1014,서울특별시 용산구 서계동,252-43,대,75.5,75.5,,
1015,서울특별시 용산구 서계동,251-33,대,65.1,65.1,,
1016,서울특별시 용산구 서계동,255-1,대,39.7,39.7,,
1017,서울특별시 용산구 서계동,252-6,대,82.6,82.6,,
1018,서울특별시 용산구 서계동,255-24,구,3,3,,
1019,서울특별시 용산구 서계동,252-25,대,74,74,,
1020,서울특별시 용산구 서계동,251-40,대,110.7,110.7,,
1021,서울특별시 용산구 서계동,255-7,대,79.3,79.3,,
1022,서울특별시 용산구 서계동,255-14,대,72.7,72.7,,
1023,서울특별시 용산구 서계동,252-20,대,65.1,65.1,,
1024,서울특별시 용산구 서계동,259-2,대,84.6,84.6,,
1025,서울특별시 용산구 서계동,251-45,대,95.2,95.2,,
1026,서울특별시 용산구 서계동,252-46,대,37,37,,
1027,서울특별시 용산구 서계동,252-16,대,173.64,173.64,,
1028,서울특별시 용산구 서계동,255-4,대,29.8,29.8,,
1029,서울특별시 용산구 서계동,252-9,대,59.5,59.5,,
1030,서울특별시 용산구 서계동,251-47,대,78.7,78.7,,
1031,서울특별시 용산구 서계동,252-12,대,47.6,47.6,,
1032,서울특별시 용산구 서계동,251-54,대,21.78,21.78,,
1033,서울특별시 용산구 서계동,282,도,314.3,236.76999999999998,,
1034,서울특별시 용산구 서계동,283,도,265.8,265.8,,
1035,서울특별시 용산구 서계동,281-1,도,101.4,101.4,,
1036,서울특별시 용산구 서계동,263-10,대,4.3,4.3,,
1037,서울특별시 용산구 서계동,264-3,대,8.6,8.6,,
1038,서울특별시 용산구 서계동,273-1,대,0.8,0.8,,
1039,서울특별시 용산구 서계동,283-1,도,3.2,3.2,,
1040,서울특별시 용산구 서계동,270,도,1122.5,339.15999999999997,,
1041,서울특별시 용산구 서계동,275-3,도,1.6,1.6,,
1042,서울특별시 용산구 서계동,276-11,구,19.7,19.7,,
1043,서울특별시 용산구 서계동,276-15,구,2.3,2.3,,
1044,서울특별시 용산구 서계동,276-1,구,40.6,40.6,,
1045,서울특별시 용산구 서계동,277,도,319.3,299.43,,
1046,서울특별시 용산구 서계동,264-8,대,59.5,59.5,,
1047,서울특별시 용산구 서계동,264-14,대,89.19,89.19,,
1048,서울특별시 용산구 서계동,270-1,대,14,14,,
1049,서울특별시 용산구 서계동,264-21,대,27.4,27.4,,
1050,서울특별시 용산구 서계동,276-18,구,97.6,97.6,,
1051,서울특별시 용산구 서계동,276-6,구,33.2,33.2,,
1052,서울특별시 용산구 서계동,277-4,도,134.3,17.880000000000003,,
1053,서울특별시 용산구 서계동,276-9,구,167.4,133.47,,
1054,서울특별시 용산구 서계동,278,도,120,55.489999999999995,,
1055,서울특별시 용산구 서계동,33-131,도,329.6,329.6,,
1056,서울특별시 용산구 서계동,45-4,대,5.6,5.6,,
1057,서울특별시 용산구 서계동,33-136,도,6.6,6.6,,
1058,서울특별시 용산구 서계동,33-186,대,33,33,,
1059,서울특별시 용산구 서계동,36,대,557.21,557.21,,
1060,서울특별시 용산구 서계동,33-153,대,82.6,82.6,,
1061,서울특별시 용산구 서계동,33-182,대,13.2,13.2,,
1062,서울특별시 용산구 서계동,33-154,대,82.6,82.6,,
1063,서울특별시 용산구 서계동,45-6,대,114.4,114.4,,
1064,서울특별시 용산구 서계동,33-158,대,49.6,49.6,,
1065,서울특별시 용산구 서계동,33-340,대,18.6,18.6,,
1066,서울특별시 용산구 서계동,33-161,대,7.2,7.2,,
1067,서울특별시 용산구 서계동,34-5,대,82.6,82.6,,
1068,서울특별시 용산구 서계동,45-14,대,74.4,74.4,,
1069,서울특별시 용산구 서계동,33-343,도,1.7,1.7,,
1070,서울특별시 용산구 서계동,33-215,대,3.3,3.3,,
1071,서울특별시 용산구 서계동,53,대,645.9,645.9,,
1072,서울특별시 용산구 서계동,54-7,대,43.6,43.6,,
1073,서울특별시 용산구 서계동,54-2,대,207.31,207.31,,
1074,서울특별시 용산구 서계동,54-12,대,193.38,193.38,,
1075,서울특별시 용산구 서계동,33-187,대,49.6,49.6,,
1076,서울특별시 용산구 서계동,53-11,대,133.9,133.9,,
1077,서울특별시 용산구 서계동,53-7,대,69.4,69.4,,
1078,서울특별시 용산구 서계동,56,대,86,86,,
1079,서울특별시 용산구 서계동,53-20,대,53.2,53.2,,
1080,서울특별시 용산구 서계동,56-5,도,77,77,,
1081,서울특별시 용산구 서계동,58-2,대,135.5,135.5,,
1082,서울특별시 용산구 서계동,33-347,도,4.1,4.1,,
1083,서울특별시 용산구 서계동,95-5,대,3,3,,
1084,서울특별시 용산구 서계동,95-26,대,7.6,7.6,,
1085,서울특별시 용산구 서계동,95-8,대,101.2,101.2,,
1086,서울특별시 용산구 서계동,95-12,대,41,41,,
1087,서울특별시 용산구 서계동,95-17,대,60.8,60.8,,
1088,서울특별시 용산구 서계동,95-16,대,183.87,183.87,,
1089,서울특별시 용산구 서계동,95-27,도,8.3,8.3,,
1090,서울특별시 용산구 서계동,96-11,도,530.7,530.7,,
1091,서울특별시 용산구 서계동,92,대,142.1,142.1,,
1092,서울특별시 용산구 서계동,96-10,대,131.9,131.9,,
1093,서울특별시 용산구 서계동,96-5,대,199.3,199.3,,
1094,서울특별시 용산구 서계동,96-23,대,132.5,132.5,,
1095,서울특별시 용산구 서계동,96-18,대,172.14,172.14,,
1096,서울특별시 용산구 서계동,237-36,도,421.5,0.02,,
1097,서울특별시 용산구 서계동,237-5,대,380.2,380.2,,
1098,서울특별시 용산구 서계동,237-23,대,47.7,47.7,,
1099,서울특별시 용산구 서계동,237-17,대,211.6,211.6,,
1100,서울특별시 용산구 서계동,238-54,대,397.7,397.7,,
1101,서울특별시 용산구 서계동,237-12,대,4.6,4.6,,
1102,서울특별시 용산구 서계동,238-65,대,5.3,5.3,,
1103,서울특별시 용산구 서계동,238-50,대,123.6,123.6,,
1104,서울특별시 용산구 서계동,237-8,대,54.2,54.2,,
1105,서울특별시 용산구 서계동,242-21,대,152.13,152.13,,
1106,서울특별시 용산구 서계동,281-4,도,43.9,43.9,,
1107,서울특별시 용산구 서계동,251-38,대,275.65,275.65,,
1108,서울특별시 용산구 서계동,239-14,도,6.6,6.6,,
1109,서울특별시 용산구 서계동,246-122,도,36.6,36.6,,
1110,서울특별시 용산구 서계동,247-46,도,39.7,39.7,,
1111,서울특별시 용산구 서계동,33-95,대,79.1,79.1,,
1112,서울특별시 용산구 서계동,246-25,대,44.7,44.7,,
1113,서울특별시 용산구 서계동,246-5,대,338.92,338.92,,
1114,서울특별시 용산구 서계동,33-228,대,236.4,236.4,,
1115,서울특별시 용산구 서계동,238-60,도,92.8,92.8,,
1116,서울특별시 용산구 서계동,246-54,대,215.9,215.9,,
1117,서울특별시 용산구 서계동,251-48,대,215.9,215.9,,
1118,서울특별시 용산구 서계동,45-1,도,76.4,76.4,,
1119,서울특별시 용산구 서계동,262-11,도,45.9,45.9,,
1120,서울특별시 용산구 서계동,238-97,도,6.4,6.4,,
1121,서울특별시 용산구 서계동,239-17,도,218.8,218.8,,
1122,서울특별시 용산구 서계동,239-31,대,41.2,41.2,,
1123,서울특별시 용산구 서계동,248-12,대,50.92,50.92,,
1124,서울특별시 용산구 서계동,33-59,도,43,43,,
1125,서울특별시 용산구 서계동,251-17,대,108.92,108.92,,
1126,서울특별시 용산구 서계동,239-32,대,7.8,7.8,,
1127,서울특별시 용산구 서계동,33-135,대,9.9,9.9,,
1128,서울특별시 용산구 서계동,252-2,대,201.26,201.26,,
1129,서울특별시 용산구 서계동,261-5,대,140.28,140.28,,
1130,서울특별시 용산구 서계동,243-8,도,11.3,11.3,,
1131,서울특별시 용산구 서계동,243-43,대,14.6,14.6,,
1132,서울특별시 용산구 서계동,243-44,도,0.5,0.5,,
1133,서울특별시 용산구 서계동,247-15,대,53.4,53.4,,
1134,서울특별시 용산구 서계동,264-15,대,20.5,20.5,,
1135,서울특별시 용산구 서계동,33-110,대,240.24,240.24,,
1136,서울특별시 용산구 서계동,261-6,대,429.64,429.64,,
1137,서울특별시 용산구 서계동,247-25,대,54.8,54.8,,
1138,서울특별시 용산구 서계동,261-14,대,377.2,377.2,,
1139,서울특별시 용산구 서계동,42,대,810.3,810.3,,
1140,서울특별시 용산구 서계동,248-4,대,48.9,48.9,,
1141,서울특별시 용산구 서계동,279,도,2670.1,384.24,,
1142,서울특별시 용산구 서계동,238-72,도,53.2,53.2,,
1143,서울특별시 용산구 서계동,238-77,도,165.1,165.1,,
1144,서울특별시 용산구 서계동,240-43,도,93.1,93.1,,
1145,서울특별시 용산구 서계동,241-11,도,27.7,27.7,,
1146,서울특별시 용산구 서계동,241-16,도,3.7,3.7,,
1147,서울특별시 용산구 서계동,243-39,도,67.5,67.5,,
1148,서울특별시 용산구 서계동,244-21,도,16.1,16.1,,
1149,서울특별시 용산구 서계동,253-13,대,94.1,94.1,,
1150,서울특별시 용산구 서계동,243-29,대,59.1,59.1,,
1151,서울특별시 용산구 서계동,244-8,대,55.6,55.6,,
1152,서울특별시 용산구 서계동,254-9,도,4,4,,
1153,서울특별시 용산구 서계동,254-8,도,2.1,2.1,,
1154,서울특별시 용산구 서계동,254-7,도,0.3,0.3,,
1155,서울특별시 용산구 서계동,254-6,도,8.2,8.2,,
1156,서울특별시 용산구 서계동,261-25,도,29,29,,
1157,서울특별시 용산구 서계동,262-12,도,6.6,6.6,,
1158,서울특별시 용산구 서계동,261-24,도,17.2,17.2,,
1159,서울특별시 용산구 서계동,261-28,도,20,20,,
1160,서울특별시 용산구 서계동,261-26,도,24.7,24.7,,
1161,서울특별시 용산구 서계동,262-5,도,19.8,19.8,,
1162,서울특별시 용산구 서계동,262-13,도,20.2,20.2,,
1163,서울특별시 용산구 서계동,262-14,도,52.2,52.2,,
1164,서울특별시 용산구 서계동,263-11,도,0.4,0.4,,
1165,서울특별시 용산구 서계동,263-9,도,45,45,,
1166,서울특별시 용산구 서계동,263-12,도,43.7,43.7,,
1167,서울특별시 용산구 서계동,279-1,도,288.2,274.96999999999997,,
1168,서울특별시 용산구 서계동,33-356,대,22,22,,
1169,서울특별시 용산구 서계동,33-355,대,24.3,24.3,,
1170,서울특별시 용산구 서계동,240-20,대,110.8,110.8,,
1171,서울특별시 용산구 서계동,33-354,대,12.6,12.6,,
1172,서울특별시 용산구 서계동,246-40,도,1529.3,1529.3,,
1173,서울특별시 용산구 서계동,237-54,대,38.6,38.6,,
1174,서울특별시 용산구 서계동,257-15,차,171.5,171.5,,
1175,서울특별시 용산구 서계동,258-6,차,97.3,97.3,,
1176,서울특별시 용산구 서계동,33-262,대,40.4,40.4,,
1177,서울특별시 용산구 서계동,243-2,대,165.42,165.42,,
1178,서울특별시 용산구 서계동,237-56,대,12.8,12.8,,
1179,서울특별시 용산구 서계동,244-10,대,207.27,207.27,,
1180,서울특별시 용산구 서계동,275,도,38.2,38.2,,
1181,서울특별시 용산구 서계동,33-50,대,59.2,59.2,,
1182,서울특별시 용산구 서계동,33-263,대,83,83,,
1183,서울특별시 용산구 서계동,33-191,대,13.8,13.8,,
1184,서울특별시 용산구 서계동,251-90,대,0.7,0.7,,
1185,서울특별시 용산구 서계동,33-68,대,13.2,13.2,,
1186,서울특별시 용산구 서계동,33-225,대,80.3,80.3,,
1187,서울특별시 용산구 서계동,33-192,대,125.02,125.02,,
1188,서울특별시 용산구 서계동,33-226,대,64.2,64.2,,
1189,서울특별시 용산구 서계동,240-14,대,105.8,105.8,,
1190,서울특별시 용산구 서계동,245-54,대,52.9,52.9,,
1191,서울특별시 용산구 서계동,33-152,대,76.8,76.8,,
1192,서울특별시 용산구 서계동,33-142,대,131.4,131.4,,
1193,서울특별시 용산구 서계동,237-26,대,28.4,28.4,,
1194,서울특별시 용산구 서계동,237-51,대,30.9,30.9,,
1195,서울특별시 용산구 서계동,237-55,대,7.4,7.4,,
1196,서울특별시 용산구 청파동1가,1-115,대,13.56,13.56,,
1197,서울특별시 용산구 청파동1가,1-108,대,59.5,59.5,,
1198,서울특별시 용산구 청파동1가,1-15,대,218.79,218.79,,
1199,서울특별시 용산구 청파동1가,38-1,구,104.8,1.34,,
1200,서울특별시 용산구 청파동1가,1-196,대,180.62,180.62,,
1201,서울특별시 용산구 청파동1가,1-31,대,481.26,481.26,,
1202,서울특별시 용산구 청파동1가,1-41,대,199.5,199.5,,
1203,서울특별시 용산구 청파동1가,1-2,대,273.6,273.6,,
1204,서울특별시 용산구 청파동1가,1-9,대,363.6,363.6,,
1205,서울특별시 용산구 청파동1가,1-79,대,43.04,43.04,,
1206,서울특별시 용산구 청파동1가,1-23,대,284.27,284.27,,
1207,서울특별시 용산구 청파동1가,1-16,대,228.16,228.16,,
1208,서울특별시 용산구 청파동1가,1-191,대,296.01,296.01,,
1209,서울특별시 용산구 청파동1가,1-54,대,275.71,275.71,,
1210,서울특별시 용산구 청파동1가,1-47,대,31.8,31.8,,
1211,서울특별시 용산구 청파동1가,1-202,대,44.9,44.9,,
1212,서울특별시 용산구 청파동1가,1-203,대,64,64,,
1213,서울특별시 용산구 청파동1가,1-87,대,3.3,3.3,,
1214,서울특별시 용산구 청파동1가,1-90,도,33,33,,
1215,서울특별시 용산구 청파동1가,1-169,대,14.59,14.59,,
1216,서울특별시 용산구 청파동1가,1-37,대,115.5,115.5,,
1217,서울특별시 용산구 청파동1가,1-173,대,14.59,14.59,,
1218,서울특별시 용산구 청파동1가,1-48,대,196.41,196.41,,
1219,서울특별시 용산구 청파동1가,1-210,대,757.48,757.48,,
1220,서울특별시 용산구 청파동1가,1-206,대,173.79,173.79,,
1221,서울특별시 용산구 청파동1가,1-211,대,621.94,621.94,,
1222,서울특별시 용산구 청파동1가,1-201,대,122.5,122.5,,
1223,서울특별시 용산구 청파동1가,1-28,대,115.76,115.76,,
1224,서울특별시 용산구 청파동1가,1-38,대,181.84,181.84,,
1225,서울특별시 용산구 청파동1가,1-29,대,238.01,238.01,,
1226,서울특별시 용산구 청파동1가,1-98,대,676.33,676.33,,
1227,서울특별시 용산구 청파동1가,1-107,대,198.3,198.3,,
1228,서울특별시 용산구 청파동1가,1-21,대,69.42,69.42,,
1229,서울특별시 용산구 청파동1가,1-68,대,445.39,445.39,,
1230,서울특별시 용산구 청파동1가,1-30,대,200,200,,
1231,서울특별시 용산구 청파동1가,1-39,대,129.9,129.9,,
1232,서울특별시 용산구 청파동1가,1-63,대,381.45,381.45,,
1233,서울특별시 용산구 청파동1가,1-57,대,430.56,430.56,,
1234,서울특별시 용산구 청파동1가,1-155,대,223.8,223.8,,
1235,서울특별시 용산구 청파동1가,1-78,대,183.7,183.7,,
1236,서울특별시 용산구 청파동1가,1-168,대,102.48,102.48,,
1237,서울특별시 용산구 청파동1가,1-176,대,133.92,133.92,,
1238,서울특별시 용산구 청파동1가,1-189,도,80.3,80.3,,
1239,서울특별시 용산구 청파동1가,1-14,대,241.29,241.29,,
1240,서울특별시 용산구 청파동1가,1-58,대,531.96,531.96,,
1241,서울특별시 용산구 청파동1가,1-40,대,360.6,360.6,,
1242,서울특별시 용산구 청파동1가,1-22,대,413.6,413.6,,
1243,서울특별시 용산구 청파동1가,1-89,대,330.6,330.6,,
1244,서울특별시 용산구 청파동1가,1-8,대,210.65,210.65,,
1245,서울특별시 용산구 청파동1가,1-109,대,89.48,89.48,,
1246,서울특별시 용산구 청파동1가,1-71,대,82.6,82.6,,
1247,서울특별시 용산구 청파동1가,1-160,대,119,119,,
1248,서울특별시 용산구 청파동1가,1-70,대,165.28,165.28,,
1249,서울특별시 용산구 청파동1가,1-205,대,231.3,231.3,,
1250,서울특별시 용산구 청파동1가,1-111,도,5.58,5.58,,
1251,서울특별시 용산구 청파동1가,1-192,대,22.1,22.1,,
1252,서울특별시 용산구 청파동1가,1-95,대,831.27,831.27,,
1253,서울특별시 용산구 청파동1가,1-5,대,540.36,540.36,,
1254,서울특별시 용산구 청파동1가,1-116,대,2.01,2.01,,
1255,서울특별시 용산구 청파동1가,1-74,도,94.5,39.61,,
1256,서울특별시 용산구 청파동1가,1-170,대,340.91,340.91,,
1257,서울특별시 용산구 청파동1가,1-55,대,732.18,732.18,,
1258,서울특별시 용산구 청파동1가,1-77,대,138.93,138.93,,
1259,서울특별시 용산구 청파동1가,1-121,대,205.48,205.48,,
1260,서울특별시 용산구 청파동1가,1-69,대,466.4,466.4,,
1261,서울특별시 용산구 청파동1가,1-188,도,42,42,,
1262,서울특별시 용산구 청파동1가,1-51,대,211.6,211.6,,
1263,서울특별시 용산구 청파동1가,1-64,대,148.9,148.9,,
1264,서울특별시 용산구 청파동1가,1-177,대,46.3,46.3,,
1265,서울특별시 용산구 청파동1가,1-110,대,114.68,114.68,,
1266,서울특별시 용산구 청파동1가,1-80,대,234.7,234.7,,
1267,서울특별시 용산구 청파동1가,1-204,대,1.4,1.4,,
1268,서울특별시 용산구 청파동1가,1-75,도,5471.1,2052.28,,
1269,서울특별시 용산구 청파동1가,1-162,대,204.91,204.91,,
